ID	Experiment	Genotyped
#35	Diversity panel	Yes
Bain Fav. #1	Diversity panel	Yes
BE4	Diversity panel	Yes
Ben Lear	Diversity panel	Yes
Bergman	Diversity panel	Yes
BG	Diversity panel	Yes
BG48	Diversity panel	Yes
BG-Yellow	Diversity panel	Yes
Budd's Blues	Diversity panel	Yes
Crimson Queen	Diversity panel	Yes
D07	Diversity panel	Yes
Demoranville	Diversity panel	Yes
Early Black (one off)	Diversity panel	No
Franklin	Diversity panel	Yes
GH1	Diversity panel	Yes
Harju	Diversity panel	Yes
Howes	Diversity panel	Yes
HyRed	Diversity panel	Yes
J21	Diversity panel	Yes
LoRed	Diversity panel	Yes
Mullica Queen	Diversity panel	Yes
Pilgrim King	Diversity panel	Yes
Potter's Favorite	Diversity panel	Yes
Ruby Star	Diversity panel	Yes
ST	Diversity panel	Yes
Sundance	Diversity panel	Yes
V07	Diversity panel	Yes
V11	Diversity panel	Yes
Wilcox	Diversity panel	Yes
WSU108	Diversity panel	Yes
Yellow Bell	Diversity panel	Yes
YBS01	Diversity panel	Yes
YBS02	Diversity panel	Yes
YBS05	Diversity panel	Yes
YBS06	Diversity panel	Yes
YBS07	Diversity panel	Yes
YBS08	Diversity panel	Yes
YBS09	Diversity panel	Yes
YBS10	Diversity panel	Yes
YBS11	Diversity panel	Yes
YBS12	Diversity panel	Yes
YBS13	Diversity panel	Yes
YBS14	Diversity panel	Yes
YBS16	Diversity panel	Yes
YBS17	Diversity panel	Yes
YBS18	Diversity panel	Yes
YBS19	Diversity panel	Yes
YBS20	Diversity panel	Yes
YBS21	Diversity panel	Yes
YBS22	Diversity panel	Yes
YBS23	Diversity panel	Yes
MG02	Diversity panel	Yes
MG03	Diversity panel	Yes
MG04	Diversity panel	Yes
MG07	Diversity panel	Yes
MG09	Diversity panel	Yes
MG12	Diversity panel	Yes
Murphy's Green (a)	Diversity panel	Yes
Murphy's Green	Diversity panel	Yes
CNJ10-4-9	Diversity panel	Yes
QS01	Diversity panel	Yes
QS02	Diversity panel	Yes
QS03	Diversity panel	Yes
QS04	Diversity panel	Yes
QS05	Diversity panel	Yes
QS06	Diversity panel	Yes
QS07	Diversity panel	Yes
QS08	Diversity panel	Yes
DP14	Diversity panel	Yes
DP17	Diversity panel	Yes
WC16-026	Diversity panel	Yes
WC12-001	Diversity panel	Yes
WC12-006	Diversity panel	Yes
WC12-008	Diversity panel	Yes
WC12-012	Diversity panel	Yes
WC12-014	Diversity panel	Yes
WC12-017	Diversity panel	Yes
WC12-032	Diversity panel	Yes
WC12-090	Diversity panel	Yes
WC12-091	Diversity panel	Yes
WC12-101	Diversity panel	Yes
WC12-104	Diversity panel	Yes
WC12-110	Diversity panel	Yes
WC12-112	Diversity panel	Yes
WC12-114	Diversity panel	Yes
WC12-131	Diversity panel	Yes
WC12-132	Diversity panel	Yes
WC12-133	Diversity panel	Yes
WC12-153	Diversity panel	Yes
WC12-199	Diversity panel	Yes
WC12-221	Diversity panel	Yes
WC12-232	Diversity panel	Yes
WC12-280	Diversity panel	Yes
WC12-288	Diversity panel	Yes
WC12-325	Diversity panel	Yes
WC12-326	Diversity panel	Yes
WC12-332	Diversity panel	Yes
WC12-1190	Diversity panel	Yes
WC16-004	Diversity panel	Yes
WC16-011	Diversity panel	Yes
WC16-014	Diversity panel	Yes
WC16-017	Diversity panel	Yes
WC16-018	Diversity panel	Yes
WC16-023	Diversity panel	Yes
WC16-027	Diversity panel	Yes
WC16-029	Diversity panel	Yes
WC16-034	Diversity panel	Yes
WC16-036	Diversity panel	Yes
WC16-037	Diversity panel	Yes
WC16-040	Diversity panel	Yes
WC16-041	Diversity panel	Yes
WC16-042	Diversity panel	Yes
WC16-043	Diversity panel	Yes
WC16-049	Diversity panel	Yes
WC16-051	Diversity panel	Yes
WC16-054	Diversity panel	Yes
WC16-056	Diversity panel	Yes
WC16-058	Diversity panel	Yes
WC16-059	Diversity panel	Yes
WC16-060	Diversity panel	Yes
WC16-061	Diversity panel	Yes
WC16-062	Diversity panel	Yes
WC16-063	Diversity panel	Yes
WC16-066	Diversity panel	Yes
WC16-067	Diversity panel	Yes
WC16-068	Diversity panel	Yes
WC16-070	Diversity panel	Yes
WC16-071	Diversity panel	Yes
WC16-072	Diversity panel	Yes
WC16-073	Diversity panel	Yes
WC17-001	Diversity panel	Yes
WC17-002	Diversity panel	Yes
WC17-003	Diversity panel	Yes
WC17-004	Diversity panel	Yes
A41S-X3	Diversity panel	Yes
A41S-X8	Diversity panel	Yes
D8S	Diversity panel	Yes
BL03	Diversity panel	Yes
BL04	Diversity panel	Yes
BL05	Diversity panel	Yes
BL09	Diversity panel	Yes
BL10	Diversity panel	Yes
BL14	Diversity panel	Yes
BL18	Diversity panel	Yes
BL19	Diversity panel	Yes
BLM01	Diversity panel	Yes
Chip01	Diversity panel	Yes
Chip03	Diversity panel	Yes
Chip05	Diversity panel	Yes
Chip07	Diversity panel	Yes
Chip08	Diversity panel	Yes
Chip10	Diversity panel	Yes
Chip17	Diversity panel	Yes
FRLK12	Diversity panel	Yes
GYPL17	Diversity panel	Yes
GYPL18	Diversity panel	Yes
GYPL19	Diversity panel	Yes
GYPL28	Diversity panel	Yes
GYPL31	Diversity panel	Yes
GYPL32	Diversity panel	Yes
HAWL05	Diversity panel	Yes
HW05	Diversity panel	Yes
HW12	Diversity panel	Yes
KLB17	Diversity panel	Yes
LL07	Diversity panel	Yes
LL08	Diversity panel	Yes
LL12	Diversity panel	Yes
LL13	Diversity panel	Yes
LL14	Diversity panel	Yes
LL15	Diversity panel	Yes
LOLM01	Diversity panel	Yes
LOLM03	Diversity panel	Yes
LOLM07	Diversity panel	Yes
LOLM11	Diversity panel	Yes
LOLM12	Diversity panel	Yes
LRL01	Diversity panel	Yes
LRL02	Diversity panel	Yes
LRL03	Diversity panel	Yes
LRL04	Diversity panel	Yes
LRL05	Diversity panel	Yes
LRL10	Diversity panel	Yes
LRL11	Diversity panel	Yes
LRL15	Diversity panel	Yes
LRL18	Diversity panel	Yes
PMW02	Diversity panel	Yes
PMW16	Diversity panel	Yes
PMW20	Diversity panel	Yes
SEB15	Diversity panel	Yes
SHPL13	Diversity panel	Yes
WABL04	Diversity panel	Yes
WABL06	Diversity panel	Yes
WABL11	Diversity panel	Yes
Lorraine Wild Unk	Diversity panel	No
WC17-007-1	Diversity panel	Yes
WC17-007-7	Diversity panel	Yes
WC17-008-1	Diversity panel	Yes
WC17-013-1	Diversity panel	Yes
WC17-013-5	Diversity panel	Yes
WC17-014-1	Diversity panel	Yes
WC17-020-3	Diversity panel	Yes
WC17-022	Diversity panel	Yes
WC17-023-8	Diversity panel	Yes
WC17-024-1	Diversity panel	Yes
WC17-025-1	Diversity panel	Yes
WC17-025-2	Diversity panel	Yes
WC17-026-3	Diversity panel	Yes
WC17-026-6	Diversity panel	Yes
WC17-027-1	Diversity panel	Yes
WC17-027-2	Diversity panel	Yes
WC17-027-3	Diversity panel	Yes
WC17-027-4	Diversity panel	Yes
WC17-027-5	Diversity panel	Yes
WC17-027-6	Diversity panel	Yes
WC17-027-7	Diversity panel	Yes
WC17-036-1	Diversity panel	Yes
WC17-036-7	Diversity panel	Yes
WC17-037-1	Diversity panel	Yes
WC17-038-1	Diversity panel	Yes
WC17-038-2	Diversity panel	Yes
WC17-039-1	Diversity panel	Yes
WC17-041-1	Diversity panel	Yes
WC17-042-1	Diversity panel	Yes
WC17-043-1	Diversity panel	Yes
WC17-043-8	Diversity panel	Yes
WC17-046-1	Diversity panel	Yes
WC17-046-5	Diversity panel	Yes
WC17-047-1	Diversity panel	Yes
WC17-047-3	Diversity panel	Yes
WC17-047-7	Diversity panel	Yes
WC17-050-3	Diversity panel	Yes
WC17-052-1	Diversity panel	Yes
WC17-052-3	Diversity panel	Yes
WC17-053-3	Diversity panel	Yes
WC17-053-4	Diversity panel	Yes
WC17-057-2	Diversity panel	Yes
WC17-062-1	Diversity panel	Yes
WC17-063	Diversity panel	Yes
WC17-064	Diversity panel	Yes
WC17-065-1	Diversity panel	Yes
WC17-065-2	Diversity panel	Yes
WC17-065-3	Diversity panel	Yes
WC17-070-1	Diversity panel	Yes
WC17-070-7	Diversity panel	Yes
WC17-072-1	Diversity panel	Yes
WC17-074-3	Diversity panel	Yes
WC17-074-5	Diversity panel	Yes
WC17-079-4	Diversity panel	Yes
WC17-081-1	Diversity panel	Yes
WC17-086-1	Diversity panel	Yes
WC17-090-6	Diversity panel	Yes
WC17-099-2	Diversity panel	Yes
CNJ12-66-01	Panel A	No
CNJ12-66-02	Panel A	No
CNJ12-66-03	Panel A	No
CNJ12-66-04	Panel A	No
CNJ12-66-06	Panel A	No
CNJ12-66-07	Panel A	No
CNJ12-66-08	Panel A	No
CNJ12-66-09	Panel A	No
CNJ12-66-10	Panel A	No
CNJ12-66-11	Panel A	No
CNJ12-66-12	Panel A	No
CNJ12-66-13	Panel A	No
CNJ12-66-14	Panel A	No
CNJ12-66-15	Panel A	No
CNJ12-66-16	Panel A	No
CNJ12-66-17	Panel A	No
CNJ12-66-18	Panel A	No
CNJ12-66-19	Panel A	No
CNJ12-66-20	Panel A	No
CNJ12-66-21	Panel A	No
CNJ12-66-22	Panel A	No
CNJ12-66-23	Panel A	No
CNJ12-66-25	Panel A	No
CNJ12-66-26	Panel A	No
CNJ12-66-27	Panel A	No
CNJ12-66-28	Panel A	No
CNJ12-66-29	Panel A	No
CNJ12-66-32	Panel A	No
CNJ12-66-33	Panel A	No
CNJ12-66-35	Panel A	No
CNJ12-66-36	Panel A	No
CNJ12-66-37	Panel A	No
CNJ12-66-39	Panel A	No
CNJ12-66-40	Panel A	No
CNJ12-66-41	Panel A	No
CNJ12-66-42	Panel A	No
CNJ12-66-43	Panel A	No
CNJ12-66-44	Panel A	No
CNJ12-66-47	Panel A	No
CNJ12-66-48	Panel A	No
CNJ12-66-49	Panel A	No
CNJ12-66-50	Panel A	No
CNJ12-66-51	Panel A	No
CNJ12-66-52	Panel A	No
CNJ12-66-53	Panel A	No
CNJ12-66-54	Panel A	No
CNJ12-66-55	Panel A	No
CNJ12-66-56	Panel A	No
CNJ12-66-57	Panel A	No
CNJ12-66-58	Panel A	No
CNJ12-66-59	Panel A	No
CNJ12-66-60	Panel A	No
CNJ12-66-61	Panel A	No
CNJ12-66-62	Panel A	No
CNJ12-66-63	Panel A	No
CNJ12-66-64	Panel A	No
CNJ12-66-65	Panel A	No
CNJ12-66-66	Panel A	No
CNJ12-66-67	Panel A	No
CNJ12-66-68	Panel A	No
CNJ12-66-69	Panel A	No
CNJ12-66-70	Panel A	No
CNJ12-66-71	Panel A	No
CNJ12-66-72	Panel A	No
CNJ12-66-73	Panel A	No
CNJ12-66-74	Panel A	No
CNJ12-66-75	Panel A	No
CNJ12-66-76	Panel A	No
CNJ12-66-77	Panel A	No
CNJ12-66-79	Panel A	No
CNJ12-66-80	Panel A	No
CNJ12-66-81	Panel A	No
CNJ12-66-82	Panel A	No
CNJ12-66-84	Panel A	No
CNJ12-66-85	Panel A	No
CNJ12-66-86	Panel A	No
CNJ12-66-87	Panel A	No
CNJ12-66-88	Panel A	No
CNJ12-66-89	Panel A	No
CNJ12-66-90	Panel A	No
CNJ12-66-91	Panel A	No
CNJ12-66-92	Panel A	No
CNJ12-66-93	Panel A	No
CNJ12-66-94	Panel A	No
CNJ12-66-95	Panel A	No
CNJ09-11-16	Panel A	No
CNJ12-66-96	Panel A	No
CNJ12-66-97	Panel A	No
CNJ12-66-98	Panel A	No
CNJ12-66-100	Panel A	No
CNJ12-66-101	Panel A	No
CNJ12-66-102	Panel A	No
CNJ12-66-103	Panel A	No
CNJ12-66-104	Panel A	No
CNJ12-66-105	Panel A	No
CNJ12-66-106	Panel A	No
CNJ12-66-107	Panel A	No
CNJ12-66-108	Panel A	No
CNJ12-66-109	Panel A	No
CNJ12-66-110	Panel A	No
CNJ12-66-111	Panel A	No
CNJ12-66-112	Panel A	No
CNJ12-66-113	Panel A	No
CNJ12-66-114	Panel A	No
CNJ12-66-115	Panel A	No
CNJ12-66-116	Panel A	No
CNJ12-66-117	Panel A	No
CNJ12-66-118	Panel A	No
CNJ12-66-119	Panel A	No
CNJ12-66-120	Panel A	No
CNJ12-66-121	Panel A	No
CNJ12-66-122	Panel A	No
CNJ12-66-123	Panel A	No
CNJ12-66-124	Panel A	No
CNJ12-66-125	Panel A	No
CNJ12-66-126	Panel A	No
CNJ12-66-127	Panel A	No
CNJ12-66-128	Panel A	No
CNJ12-66-129	Panel A	No
CNJ12-66-130	Panel A	No
CNJ12-66-131	Panel A	No
CNJ12-66-132	Panel A	No
CNJ12-66-133	Panel A	No
CNJ12-66-134	Panel A	No
CNJ12-66-135	Panel A	No
CNJ12-66-136	Panel A	No
CNJ12-66-137	Panel A	No
CNJ12-66-138	Panel A	No
CNJ12-66-139	Panel A	No
CNJ12-66-140	Panel A	No
CNJ12-66-141	Panel A	No
CNJ12-66-142	Panel A	No
CNJ12-66-143	Panel A	No
CNJ12-66-144	Panel A	No
CNJ12-66-145	Panel A	No
CNJ12-66-146	Panel A	No
CNJ12-66-147	Panel A	No
CNJ12-66-148	Panel A	No
CNJ12-66-149	Panel A	No
CNJ12-66-150	Panel A	No
CNJ12-66-151	Panel A	No
CNJ12-66-152	Panel A	No
CNJ12-66-153	Panel A	No
CNJ12-66-154	Panel A	No
CNJ12-66-155	Panel A	No
CNJ12-66-156	Panel A	No
CNJ12-66-157	Panel A	No
CNJ12-66-158	Panel A	No
CNJ12-66-159	Panel A	No
CNJ12-66-160	Panel A	No
CNJ12-66-161	Panel A	No
CNJ12-66-162	Panel A	No
CNJ12-66-163	Panel A	No
CNJ12-66-164	Panel A	No
CNJ12-66-165	Panel A	No
CNJ12-66-166	Panel A	No
CNJ12-66-167	Panel A	No
CNJ12-66-216	Panel A	No
CNJ12-66-169	Panel A	No
CNJ12-66-171	Panel A	No
CNJ12-66-172	Panel A	No
CNJ12-66-173	Panel A	No
CNJ12-66-174	Panel A	No
CNJ12-66-175	Panel A	No
CNJ12-66-176	Panel A	No
CNJ12-66-177	Panel A	No
CNJ12-66-178	Panel A	No
CNJ12-66-180	Panel A	No
CNJ12-66-181	Panel A	No
CNJ12-66-182	Panel A	No
CNJ12-66-183	Panel A	No
CNJ12-66-184	Panel A	No
CNJ12-66-185	Panel A	No
CNJ12-66-186	Panel A	No
CNJ12-66-187	Panel A	No
CNJ12-66-188	Panel A	No
CNJ12-66-189	Panel A	No
CNJ12-66-190	Panel A	No
CNJ12-66-191	Panel A	No
CNJ12-66-192	Panel A	No
CNJ12-66-193	Panel A	No
CNJ12-66-194	Panel A	No
CNJ12-66-195	Panel A	No
CNJ12-66-196	Panel A	No
CNJ12-66-197	Panel A	No
CNJ12-66-198	Panel A	No
CNJ12-66-199	Panel A	No
CNJ12-66-200	Panel A	No
CNJ12-66-202	Panel A	No
CNJ12-66-203	Panel A	No
CNJ12-66-204	Panel A	No
CNJ12-66-205	Panel A	No
CNJ12-66-206	Panel A	No
CNJ12-66-207	Panel A	No
CNJ12-66-208	Panel A	No
CNJ12-66-209	Panel A	No
CNJ12-66-210	Panel A	No
CNJ12-66-211	Panel A	No
CNJ12-66-212	Panel A	No
CNJ12-66-213	Panel A	No
CNJ12-66-215	Panel A	No
CNJ12-66-217	Panel A	No
CNJ12-66-218	Panel A	No
CNJ12-66-220	Panel A	No
CNJ12-66-221	Panel A	No
CNJ12-66-223	Panel A	No
CNJ12-66-224	Panel A	No
CNJ12-66-225	Panel A	No
CNJ12-66-226	Panel A	No
CNJ12-66-227	Panel A	No
CNJ12-66-228	Panel A	No
CNJ12-66-230	Panel A	No
CNJ12-66-231	Panel A	No
CNJ12-66-232	Panel A	No
CNJ12-66-236	Panel A	No
CNJ12-66-237	Panel A	No
CNJ12-66-238	Panel A	No
CNJ12-66-239	Panel A	No
CNJ12-66-240	Panel A	No
CNJ12-66-241	Panel A	No
CNJ12-66-242	Panel A	No
CNJ12-66-243	Panel A	No
CNJ12-66-244	Panel A	No
CNJ12-66-246	Panel A	No
CNJ12-66-247	Panel A	No
CNJ12-66-248	Panel A	No
CNJ12-66-249	Panel A	No
CNJ12-66-250	Panel A	No
CNJ12-66-251	Panel A	No
CNJ12-66-252	Panel A	No
CNJ12-66-253	Panel A	No
CNJ12-66-254	Panel A	No
CNJ12-66-255	Panel A	No
CNJ12-66-256	Panel A	No
CNJ12-66-257	Panel A	No
CNJ12-66-258	Panel A	No
CNJ12-66-259	Panel A	No
CNJ12-66-260	Panel A	No
CNJ12-66-261	Panel A	No
CNJ12-66-262	Panel A	No
CNJ12-66-263	Panel A	No
CNJ12-66-265	Panel A	No
CNJ12-66-266	Panel A	No
CNJ12-66-267	Panel A	No
CNJ12-66-268	Panel A	No
CNJ12-66-269	Panel A	No
CNJ12-66-270	Panel A	No
CNJ12-66-271	Panel A	No
CNJ12-66-272	Panel A	No
CNJ12-66-273	Panel A	No
CNJ12-66-275	Panel A	No
CNJ12-66-276	Panel A	No
CNJ12-66-277	Panel A	No
CNJ12-66-279	Panel A	No
CNJ12-66-280	Panel A	No
CNJ12-66-281	Panel A	No
CNJ12-66-282	Panel A	No
CNJ12-66-284	Panel A	No
CNJ12-66-285	Panel A	No
CNJ12-66-287	Panel A	No
CNJ12-66-288	Panel A	No
CNJ12-66-289	Panel A	No
CNJ12-66-290	Panel A	No
CNJ12-66-291	Panel A	No
CNJ12-66-292	Panel A	No
CNJ12-66-293	Panel A	No
CNJ12-66-294	Panel A	No
CNJ12-66-295	Panel A	No
CNJ12-66-296	Panel A	No
CNJ12-66-297	Panel A	No
CNJ12-66-298	Panel A	No
CNJ12-66-299	Panel A	No
CNJ12-66-300	Panel A	No
CNJ12-66-301	Panel A	No
CNJ12-66-302	Panel A	No
CNJ12-66-303	Panel A	No
CNJ12-66-304	Panel A	No
CNJ12-66-305	Panel A	No
CNJ12-66-306	Panel A	No
CNJ12-66-309	Panel A	No
CNJ12-66-310	Panel A	No
CNJ12-66-311	Panel A	No
CNJ12-66-313	Panel A	No
CNJ12-66-314	Panel A	No
CNJ12-66-315	Panel A	No
CNJ12-66-317	Panel A	No
CNJ12-66-318	Panel A	No
CNJ12-66-319	Panel A	No
CNJ12-66-320	Panel A	No
CNJ12-66-321	Panel A	No
CNJ12-66-322	Panel A	No
CNJ12-66-323	Panel A	No
CNJ12-66-324	Panel A	No
CNJ12-66-325	Panel A	No
CNJ12-66-326	Panel A	No
CNJ12-66-327	Panel A	No
CNJ12-66-328	Panel A	No
CNJ12-66-329	Panel A	No
CNJ12-66-330	Panel A	No
CNJ12-66-331	Panel A	No
CNJ12-66-332	Panel A	No
CNJ12-66-334	Panel A	No
CNJ12-66-335	Panel A	No
CNJ12-66-336	Panel A	No
CNJ12-66-337	Panel A	No
CNJ12-66-338	Panel A	No
CNJ12-66-339	Panel A	No
CNJ12-66-340	Panel A	No
CNJ12-66-341	Panel A	No
CNJ12-66-343	Panel A	No
CNJ12-66-344	Panel A	No
CNJ12-66-345	Panel A	No
CNJ12-66-346	Panel A	No
CNJ12-66-347	Panel A	No
CNJ12-66-348	Panel A	No
CNJ12-66-349	Panel A	No
CNJ12-66-350	Panel A	No
CNJ12-66-351	Panel A	No
CNJ12-66-352	Panel A	No
CNJ12-66-353	Panel A	No
CNJ12-66-354	Panel A	No
CNJ12-66-355	Panel A	No
CNJ12-66-356	Panel A	No
CNJ12-66-357	Panel A	No
CNJ05-34-40	Color panel	Yes
CNJ12-56-02	Color panel	Yes
CNJ12-56-04	Color panel	Yes
CNJ12-56-05	Color panel	Yes
CNJ12-56-06	Color panel	Yes
CNJ12-56-07	Color panel	Yes
CNJ08-233-47	Color panel	Yes
SD_01	Color panel	No
CNJ04-23-9	Color panel	Yes
CNJ08-233-1	Color panel	Yes
CNJ12-56-13	Color panel	Yes
CNJ12-56-14	Color panel	Yes
CNJ12-56-17	Color panel	Yes
CNJ08-233-38	Color panel	Yes
CNJ08-233-12	Color panel	Yes
CNJ08-233-15	Color panel	Yes
CNJ08-233-62	Color panel	Yes
CNJ12-56-31	Color panel	Yes
CNJ08-233-54	Color panel	Yes
CNJ08-233-35	Color panel	Yes
CNJ08-233-57	Color panel	Yes
CNJ08-233-58	Color panel	Yes
CNJ12-56-43	Color panel	Yes
CNJ08-233-46	Color panel	Yes
CNJ08-233-81	Color panel	Yes
CNJ12-56-50	Color panel	Yes
CNJ12-56-51	Color panel	Yes
CNJ12-56-52	Color panel	Yes
CNJ12-56-54	Color panel	Yes
SD_02	Color panel	No
CNJ04-23-7	Color panel	Yes
CNJ12-56-56	Color panel	Yes
SD_38	Color panel	No
CNJ12-56-58	Color panel	Yes
CNJ12-56-59	Color panel	Yes
SD_03	Color panel	No
SD_04	Color panel	No
CNJ12-56-63	Color panel	No
SD_39	Color panel	No
CNJ08-233-64	Color panel	Yes
CNJ08-233-73	Color panel	Yes
CNJ12-56-67	Color panel	Yes
CNJ12-56-68	Color panel	Yes
CNJ08-233-69	Color panel	Yes
SD_05	Color panel	No
CNJ12-56-71	Color panel	Yes
CNJ12-56-73	Color panel	Yes
CNJ08-233-71	Color panel	Yes
SD_06	Color panel	No
CNJ12-56-77	Color panel	Yes
CNJ12-56-85	Color panel	Yes
SD_07	Color panel	No
SD_08	Color panel	No
SD_09	Color panel	No
SD_40	Color panel	No
CNJ08-233-19	Color panel	Yes
CNJ12-56-102	Color panel	Yes
SD_10	Color panel	No
CNJ12-56-105	Color panel	Yes
CNJ12-56-106	Color panel	Yes
CNJ12-56-108	Color panel	Yes
CNJ08-233-21	Color panel	Yes
SD_11	Color panel	No
CNJ08-233-23	Color panel	Yes
CNJ12-56-113	Color panel	Yes
SD_41	Color panel	No
CNJ08-233-51	Color panel	Yes
CNJ08-233-41	Color panel	Yes
CNJ08-233-24	Color panel	Yes
SD_12	Color panel	No
CNJ08-233-26	Color panel	Yes
SD_13	Color panel	No
CNJ12-56-124	Color panel	Yes
CNJ12-56-126	Color panel	No
SD_42	Color panel	No
CNJ12-56-129	Color panel	Yes
CNJ12-56-130	Color panel	Yes
CNJ08-233-31	Color panel	Yes
CNJ12-56-146	Color panel	No
SD_43	Color panel	No
CNJ12-56-135	Color panel	Yes
CNJ12-56-137	Color panel	Yes
CNJ12-56-139	Color panel	Yes
CNJ12-56-141	Color panel	Yes
CNJ12-56-142	Color panel	Yes
CNJ12-56-143	Color panel	Yes
CNJ12-56-144	Color panel	Yes
CNJ12-56-145	Color panel	Yes
CNJ12-56-147	Color panel	Yes
CNJ12-56-148	Color panel	Yes
CNJ12-56-150	Color panel	Yes
CNJ12-56-153	Color panel	Yes
CNJ12-56-154	Color panel	Yes
CNJ12-56-155	Color panel	Yes
SD_14	Color panel	No
CNJ08-233-32	Color panel	Yes
SD_15	Color panel	No
CNJ12-56-161	Color panel	Yes
CNJ12-56-162	Color panel	Yes
CNJ08-233-36	Color panel	Yes
CNJ12-56-164	Color panel	No
SD_16	Color panel	No
SD_17	Color panel	No
SD_18	Color panel	No
CNJ12-56-172	Color panel	Yes
SD_19	Color panel	No
CNJ08-233-49	Color panel	Yes
CNJ12-56-179	Color panel	Yes
CNJ12-56-181	Color panel	No
SD_20	Color panel	No
CNJ08-233-37	Color panel	Yes
CNJ12-56-185	Color panel	Yes
CNJ12-56-186	Color panel	Yes
CNJ12-56-188	Color panel	Yes
CNJ08-233-79	Color panel	Yes
CNJ12-56-190	Color panel	Yes
CNJ12-56-191	Color panel	Yes
CNJ12-56-192	Color panel	Yes
SD_21	Color panel	No
CNJ12-56-195	Color panel	Yes
CNJ12-56-196	Color panel	Yes
CNJ12-56-197	Color panel	Yes
SD_22	Color panel	No
CNJ08-233-74	Color panel	Yes
CNJ12-56-200	Color panel	Yes
CNJ12-56-201	Color panel	No
CNJ12-56-202	Color panel	Yes
CNJ12-58-01	Color panel	Yes
CNJ08-233-43	Color panel	Yes
CNJ12-58-03	Color panel	Yes
CNJ12-58-04	Color panel	Yes
CNJ12-58-05	Color panel	Yes
CNJ12-58-07	Color panel	Yes
CNJ12-58-09	Color panel	Yes
CNJ12-58-10	Color panel	Yes
CNJ12-58-11	Color panel	Yes
CNJ12-58-12	Color panel	Yes
CNJ12-58-13	Color panel	Yes
CNJ12-58-15	Color panel	Yes
CNJ12-58-16	Color panel	Yes
CNJ12-58-17	Color panel	Yes
CNJ12-58-20	Color panel	Yes
CNJ12-58-21	Color panel	Yes
CNJ12-58-22	Color panel	Yes
CNJ12-58-23	Color panel	Yes
CNJ12-58-24	Color panel	Yes
CNJ12-58-25	Color panel	Yes
CNJ12-58-26	Color panel	Yes
CNJ12-58-27	Color panel	Yes
CNJ12-58-28	Color panel	Yes
CNJ12-58-29	Color panel	Yes
CNJ12-58-30	Color panel	Yes
CNJ12-58-31	Color panel	Yes
CNJ12-58-32	Color panel	Yes
CNJ12-58-33	Color panel	Yes
CNJ14-31-1	Jennyne	Yes
CNJ14-31-9	Jennyne	Yes
CNJ14-31-17	Jennyne	Yes
CNJ14-31-25	Jennyne	Yes
CNJ14-31-33	Jennyne	Yes
CNJ14-31-41	Jennyne	Yes
CNJ14-31-49	Jennyne	Yes
CNJ14-31-57	Jennyne	Yes
CNJ14-31-65	Jennyne	Yes
CNJ14-31-73	Jennyne	Yes
CNJ14-31-81	Jennyne	Yes
CNJ14-31-89	Jennyne	Yes
CNJ14-31-2	Jennyne	Yes
CNJ14-31-10	Jennyne	Yes
CNJ14-31-18	Jennyne	Yes
CNJ14-31-26	Jennyne	Yes
CNJ14-31-34	Jennyne	Yes
CNJ14-31-42	Jennyne	Yes
CNJ14-31-50	Jennyne	Yes
CNJ14-31-58	Jennyne	Yes
CNJ14-31-66	Jennyne	Yes
CNJ14-31-74	Jennyne	Yes
CNJ14-31-82	Jennyne	Yes
CNJ14-31-90	Jennyne	Yes
CNJ14-31-3	Jennyne	Yes
CNJ14-31-11	Jennyne	Yes
CNJ14-31-19	Jennyne	Yes
CNJ14-31-27	Jennyne	Yes
CNJ14-31-35	Jennyne	Yes
CNJ14-31-43	Jennyne	Yes
CNJ14-31-51	Jennyne	Yes
CNJ14-31-59	Jennyne	Yes
CNJ14-31-67	Jennyne	Yes
CNJ14-31-75	Jennyne	Yes
CNJ14-31-83	Jennyne	Yes
CNJ14-31-91	Jennyne	Yes
CNJ14-31-4	Jennyne	Yes
CNJ14-31-12	Jennyne	Yes
CNJ14-31-20	Jennyne	Yes
CNJ14-31-28	Jennyne	Yes
CNJ14-31-36	Jennyne	Yes
CNJ14-31-44	Jennyne	Yes
CNJ14-31-52	Jennyne	Yes
CNJ14-31-60	Jennyne	Yes
CNJ14-31-68	Jennyne	Yes
CNJ14-31-76	Jennyne	Yes
CNJ14-31-84	Jennyne	Yes
CNJ14-31-5	Jennyne	Yes
CNJ14-31-13	Jennyne	Yes
CNJ14-31-21	Jennyne	Yes
CNJ14-31-29	Jennyne	Yes
CNJ14-31-37	Jennyne	Yes
CNJ14-31-45	Jennyne	Yes
CNJ14-31-53	Jennyne	Yes
CNJ14-31-61	Jennyne	Yes
CNJ14-31-69	Jennyne	Yes
CNJ14-31-77	Jennyne	Yes
CNJ14-31-85	Jennyne	Yes
CNJ14-31-93	Jennyne	Yes
CNJ14-31-6	Jennyne	Yes
CNJ14-31-14	Jennyne	Yes
CNJ14-31-22	Jennyne	Yes
CNJ14-31-30	Jennyne	Yes
CNJ14-31-38	Jennyne	Yes
CNJ14-31-46	Jennyne	Yes
CNJ14-31-54	Jennyne	Yes
CNJ14-31-62	Jennyne	Yes
CNJ14-31-70	Jennyne	Yes
CNJ14-31-78	Jennyne	Yes
CNJ14-31-86	Jennyne	Yes
CNJ14-31-94	Jennyne	Yes
CNJ14-31-7	Jennyne	Yes
CNJ14-31-15	Jennyne	Yes
CNJ14-31-23	Jennyne	Yes
CNJ14-31-31	Jennyne	Yes
CNJ14-31-39	Jennyne	Yes
CNJ14-31-47	Jennyne	Yes
CNJ14-31-55	Jennyne	Yes
CNJ14-31-63	Jennyne	Yes
CNJ14-31-71	Jennyne	Yes
CNJ14-31-79	Jennyne	Yes
CNJ14-31-87	Jennyne	Yes
CNJ14-31-95	Jennyne	Yes
CNJ14-31-8	Jennyne	Yes
CNJ14-31-16	Jennyne	Yes
CNJ14-31-24	Jennyne	Yes
CNJ14-31-32	Jennyne	Yes
CNJ14-31-40	Jennyne	Yes
CNJ14-31-48	Jennyne	Yes
CNJ14-31-56	Jennyne	Yes
CNJ14-31-64	Jennyne	Yes
CNJ14-31-72	Jennyne	Yes
CNJ14-31-80	Jennyne	Yes
CNJ14-31-88	Jennyne	Yes
CNJ14-31-96	Jennyne	Yes
CNJ14-31-97	Jennyne	Yes
CNJ14-31-105	Jennyne	Yes
CNJ14-31-113	Jennyne	Yes
CNJ14-31-121	Jennyne	Yes
CNJ14-31-129	Jennyne	Yes
CNJ14-31-137	Jennyne	Yes
CNJ14-31-145	Jennyne	Yes
CNJ14-31-153	Jennyne	Yes
CNJ14-31-161	Jennyne	Yes
CNJ14-31-169	Jennyne	Yes
CNJ14-31-177	Jennyne	Yes
CNJ14-31-185	Jennyne	Yes
CNJ14-31-98	Jennyne	Yes
CNJ14-31-106	Jennyne	Yes
CNJ14-31-114	Jennyne	Yes
CNJ14-31-122	Jennyne	Yes
CNJ14-31-130	Jennyne	Yes
CNJ14-31-138	Jennyne	Yes
CNJ14-31-146	Jennyne	Yes
CNJ14-31-154	Jennyne	Yes
CNJ14-31-162	Jennyne	Yes
CNJ14-31-170	Jennyne	Yes
CNJ14-31-178	Jennyne	Yes
CNJ14-31-186	Jennyne	Yes
CNJ14-31-99	Jennyne	Yes
CNJ14-31-107	Jennyne	Yes
CNJ14-31-115	Jennyne	Yes
CNJ14-31-123	Jennyne	Yes
CNJ14-31-131	Jennyne	Yes
CNJ14-31-139	Jennyne	Yes
CNJ14-31-147	Jennyne	Yes
CNJ14-31-155	Jennyne	Yes
CNJ14-31-163	Jennyne	Yes
CNJ14-31-171	Jennyne	Yes
CNJ14-31-179	Jennyne	Yes
CNJ14-31-187	Jennyne	Yes
CNJ14-31-100	Jennyne	Yes
CNJ14-31-108	Jennyne	Yes
CNJ14-31-116	Jennyne	Yes
CNJ14-31-124	Jennyne	Yes
CNJ14-31-132	Jennyne	Yes
CNJ14-31-140	Jennyne	Yes
CNJ14-31-148	Jennyne	Yes
CNJ14-31-156	Jennyne	Yes
CNJ14-31-164	Jennyne	Yes
CNJ14-31-172	Jennyne	Yes
CNJ14-31-180	Jennyne	Yes
CNJ14-31-188	Jennyne	Yes
CNJ14-31-101	Jennyne	Yes
CNJ14-31-109	Jennyne	Yes
CNJ14-31-117	Jennyne	Yes
CNJ14-31-125	Jennyne	Yes
CNJ14-31-133	Jennyne	Yes
CNJ14-31-141	Jennyne	Yes
CNJ14-31-149	Jennyne	Yes
CNJ14-31-157	Jennyne	Yes
CNJ14-31-165	Jennyne	Yes
CNJ14-31-173	Jennyne	Yes
CNJ14-31-181	Jennyne	Yes
CNJ14-31-189	Jennyne	Yes
CNJ14-31-102	Jennyne	Yes
CNJ14-31-110	Jennyne	Yes
CNJ14-31-118	Jennyne	Yes
CNJ14-31-126	Jennyne	Yes
CNJ14-31-134	Jennyne	Yes
CNJ14-31-142	Jennyne	Yes
CNJ14-31-150	Jennyne	Yes
CNJ14-31-158	Jennyne	Yes
CNJ14-31-166	Jennyne	Yes
CNJ14-31-174	Jennyne	Yes
CNJ14-31-182	Jennyne	Yes
CNJ14-31-190	Jennyne	Yes
CNJ14-31-103	Jennyne	Yes
CNJ14-31-111	Jennyne	Yes
CNJ14-31-119	Jennyne	Yes
CNJ14-31-127	Jennyne	Yes
CNJ14-31-135	Jennyne	Yes
CNJ14-31-143	Jennyne	Yes
CNJ14-31-151	Jennyne	Yes
CNJ14-31-159	Jennyne	Yes
CNJ14-31-167	Jennyne	Yes
CNJ14-31-175	Jennyne	Yes
CNJ14-31-183	Jennyne	Yes
CNJ14-31-191	Jennyne	Yes
CNJ14-31-104	Jennyne	Yes
CNJ14-31-112	Jennyne	Yes
CNJ14-31-120	Jennyne	Yes
CNJ14-31-128	Jennyne	Yes
CNJ14-31-136	Jennyne	Yes
CNJ14-31-144	Jennyne	Yes
CNJ14-31-152	Jennyne	Yes
CNJ14-31-160	Jennyne	Yes
CNJ14-31-168	Jennyne	Yes
CNJ14-31-176	Jennyne	Yes
CNJ14-31-184	Jennyne	Yes
CNJ14-31-192	Jennyne	Yes
CNJ14-31-193	Jennyne	Yes
CNJ14-31-201	Jennyne	Yes
CNJ14-31-209	Jennyne	Yes
CNJ14-31-217	Jennyne	Yes
CNJ14-31-194	Jennyne	Yes
CNJ14-31-202	Jennyne	Yes
CNJ14-31-210	Jennyne	Yes
CNJ14-31-218	Jennyne	Yes
CNJ14-31-195	Jennyne	Yes
CNJ14-31-203	Jennyne	Yes
CNJ14-31-211	Jennyne	Yes
CNJ14-31-219	Jennyne	Yes
CNJ14-31-196	Jennyne	Yes
CNJ14-31-204	Jennyne	Yes
CNJ14-31-212	Jennyne	Yes
CNJ14-31-197	Jennyne	Yes
CNJ14-31-205	Jennyne	Yes
CNJ14-31-213	Jennyne	Yes
CNJ14-31-198	Jennyne	Yes
CNJ14-31-206	Jennyne	Yes
CNJ14-31-214	Jennyne	Yes
CNJ14-31-199	Jennyne	Yes
CNJ14-31-207	Jennyne	Yes
CNJ14-31-215	Jennyne	Yes
CNJ14-31-200	Jennyne	Yes
CNJ14-31-208	Jennyne	Yes
CNJ14-31-216	Jennyne	Yes
CNJ14-31-1	MP3	Yes
CNJ14-31-9	MP3	Yes
CNJ14-31-17	MP3	Yes
CNJ14-31-25	MP3	Yes
CNJ14-31-33	MP3	Yes
CNJ14-31-41	MP3	Yes
CNJ14-31-49	MP3	Yes
CNJ14-31-57	MP3	Yes
CNJ14-31-65	MP3	Yes
CNJ14-31-73	MP3	Yes
CNJ14-31-81	MP3	Yes
CNJ14-31-89	MP3	Yes
CNJ14-31-2	MP3	Yes
CNJ14-31-10	MP3	Yes
CNJ14-31-18	MP3	Yes
CNJ14-31-26	MP3	Yes
CNJ14-31-34	MP3	Yes
CNJ14-31-42	MP3	Yes
CNJ14-31-50	MP3	Yes
CNJ14-31-58	MP3	Yes
CNJ14-31-66	MP3	Yes
CNJ14-31-74	MP3	Yes
CNJ14-31-82	MP3	Yes
CNJ14-31-90	MP3	Yes
CNJ14-31-3	MP3	Yes
CNJ14-31-11	MP3	Yes
CNJ14-31-19	MP3	Yes
CNJ14-31-27	MP3	Yes
CNJ14-31-35	MP3	Yes
CNJ14-31-43	MP3	Yes
CNJ14-31-51	MP3	Yes
CNJ14-31-59	MP3	Yes
CNJ14-31-67	MP3	Yes
CNJ14-31-75	MP3	Yes
CNJ14-31-83	MP3	Yes
CNJ14-31-91	MP3	Yes
CNJ14-31-4	MP3	Yes
CNJ14-31-12	MP3	Yes
CNJ14-31-20	MP3	Yes
CNJ14-31-28	MP3	Yes
CNJ14-31-36	MP3	Yes
CNJ14-31-44	MP3	Yes
CNJ14-31-52	MP3	Yes
CNJ14-31-60	MP3	Yes
CNJ14-31-68	MP3	Yes
CNJ14-31-76	MP3	Yes
CNJ14-31-84	MP3	Yes
CNJ14-31-5	MP3	Yes
CNJ14-31-13	MP3	Yes
CNJ14-31-21	MP3	Yes
CNJ14-31-29	MP3	Yes
CNJ14-31-37	MP3	Yes
CNJ14-31-45	MP3	Yes
CNJ14-31-53	MP3	Yes
CNJ14-31-61	MP3	Yes
CNJ14-31-69	MP3	Yes
CNJ14-31-77	MP3	Yes
CNJ14-31-85	MP3	Yes
CNJ14-31-93	MP3	Yes
CNJ14-31-6	MP3	Yes
CNJ14-31-14	MP3	Yes
CNJ14-31-22	MP3	Yes
CNJ14-31-30	MP3	Yes
CNJ14-31-38	MP3	Yes
CNJ14-31-46	MP3	Yes
CNJ14-31-54	MP3	Yes
CNJ14-31-62	MP3	Yes
CNJ14-31-70	MP3	Yes
CNJ14-31-78	MP3	Yes
CNJ14-31-86	MP3	Yes
CNJ14-31-94	MP3	Yes
CNJ14-31-7	MP3	Yes
CNJ14-31-15	MP3	Yes
CNJ14-31-23	MP3	Yes
CNJ14-31-31	MP3	Yes
CNJ14-31-39	MP3	Yes
CNJ14-31-47	MP3	Yes
CNJ14-31-55	MP3	Yes
CNJ14-31-63	MP3	Yes
CNJ14-31-71	MP3	Yes
CNJ14-31-79	MP3	Yes
CNJ14-31-87	MP3	Yes
CNJ14-31-95	MP3	Yes
CNJ14-31-8	MP3	Yes
CNJ14-31-16	MP3	Yes
CNJ14-31-24	MP3	Yes
CNJ14-31-32	MP3	Yes
CNJ14-31-40	MP3	Yes
CNJ14-31-48	MP3	Yes
CNJ14-31-56	MP3	Yes
CNJ14-31-64	MP3	Yes
CNJ14-31-72	MP3	Yes
CNJ14-31-80	MP3	Yes
CNJ14-31-88	MP3	Yes
CNJ14-31-96	MP3	Yes
CNJ14-31-97	MP3	Yes
CNJ14-31-105	MP3	Yes
CNJ14-31-113	MP3	Yes
CNJ14-31-121	MP3	Yes
CNJ14-31-129	MP3	Yes
CNJ14-31-137	MP3	Yes
CNJ14-31-145	MP3	Yes
CNJ14-31-153	MP3	Yes
CNJ14-31-161	MP3	Yes
CNJ14-31-169	MP3	Yes
CNJ14-31-177	MP3	Yes
CNJ14-31-185	MP3	Yes
CNJ14-31-98	MP3	Yes
CNJ14-31-106	MP3	Yes
CNJ14-31-114	MP3	Yes
CNJ14-31-122	MP3	Yes
CNJ14-31-130	MP3	Yes
CNJ14-31-138	MP3	Yes
CNJ14-31-146	MP3	Yes
CNJ14-31-154	MP3	Yes
CNJ14-31-162	MP3	Yes
CNJ14-31-170	MP3	Yes
CNJ14-31-178	MP3	Yes
CNJ14-31-186	MP3	Yes
CNJ14-31-99	MP3	Yes
CNJ14-31-107	MP3	Yes
CNJ14-31-115	MP3	Yes
CNJ14-31-123	MP3	Yes
CNJ14-31-131	MP3	Yes
CNJ14-31-139	MP3	Yes
CNJ14-31-147	MP3	Yes
CNJ14-31-155	MP3	Yes
CNJ14-31-163	MP3	Yes
CNJ14-31-171	MP3	Yes
CNJ14-31-179	MP3	Yes
CNJ14-31-187	MP3	Yes
CNJ14-31-100	MP3	Yes
CNJ14-31-108	MP3	Yes
CNJ14-31-116	MP3	Yes
CNJ14-31-124	MP3	Yes
CNJ14-31-132	MP3	Yes
CNJ14-31-140	MP3	Yes
CNJ14-31-148	MP3	Yes
CNJ14-31-156	MP3	Yes
CNJ14-31-164	MP3	Yes
CNJ14-31-172	MP3	Yes
CNJ14-31-180	MP3	Yes
CNJ14-31-188	MP3	Yes
CNJ14-31-101	MP3	Yes
CNJ14-31-109	MP3	Yes
CNJ14-31-117	MP3	Yes
CNJ14-31-125	MP3	Yes
CNJ14-31-133	MP3	Yes
CNJ14-31-141	MP3	Yes
CNJ14-31-149	MP3	Yes
CNJ14-31-157	MP3	Yes
CNJ14-31-165	MP3	Yes
CNJ14-31-173	MP3	Yes
CNJ14-31-181	MP3	Yes
CNJ14-31-189	MP3	Yes
CNJ14-31-102	MP3	Yes
CNJ14-31-110	MP3	Yes
CNJ14-31-118	MP3	Yes
CNJ14-31-126	MP3	Yes
CNJ14-31-134	MP3	Yes
CNJ14-31-142	MP3	Yes
CNJ14-31-150	MP3	Yes
CNJ14-31-158	MP3	Yes
CNJ14-31-166	MP3	Yes
CNJ14-31-174	MP3	Yes
CNJ14-31-182	MP3	Yes
CNJ14-31-190	MP3	Yes
CNJ14-31-103	MP3	Yes
CNJ14-31-111	MP3	Yes
CNJ14-31-119	MP3	Yes
CNJ14-31-127	MP3	Yes
CNJ14-31-135	MP3	Yes
CNJ14-31-143	MP3	Yes
CNJ14-31-151	MP3	Yes
CNJ14-31-159	MP3	Yes
CNJ14-31-167	MP3	Yes
CNJ14-31-175	MP3	Yes
CNJ14-31-183	MP3	Yes
CNJ14-31-191	MP3	Yes
CNJ14-31-104	MP3	Yes
CNJ14-31-112	MP3	Yes
CNJ14-31-120	MP3	Yes
CNJ14-31-128	MP3	Yes
CNJ14-31-136	MP3	Yes
CNJ14-31-144	MP3	Yes
CNJ14-31-152	MP3	Yes
CNJ14-31-160	MP3	Yes
CNJ14-31-168	MP3	Yes
CNJ14-31-176	MP3	Yes
CNJ14-31-184	MP3	Yes
CNJ14-31-192	MP3	Yes
CNJ14-31-193	MP3	Yes
CNJ14-31-201	MP3	Yes
CNJ14-31-209	MP3	Yes
CNJ14-31-217	MP3	Yes
CNJ14-31-194	MP3	Yes
CNJ14-31-202	MP3	Yes
CNJ14-31-210	MP3	Yes
CNJ14-31-218	MP3	Yes
CNJ14-31-195	MP3	Yes
CNJ14-31-203	MP3	Yes
CNJ14-31-211	MP3	Yes
CNJ14-31-219	MP3	Yes
CNJ14-31-196	MP3	Yes
CNJ14-31-204	MP3	Yes
CNJ14-31-212	MP3	Yes
CNJ14-31-197	MP3	Yes
CNJ14-31-205	MP3	Yes
CNJ14-31-213	MP3	Yes
CNJ14-31-198	MP3	Yes
CNJ14-31-206	MP3	Yes
CNJ14-31-214	MP3	Yes
CNJ14-31-199	MP3	Yes
CNJ14-31-207	MP3	Yes
CNJ14-31-215	MP3	Yes
CNJ14-31-200	MP3	Yes
CNJ14-31-208	MP3	Yes
CNJ14-31-216	MP3	Yes
