Code,ID,Experiment,Genotyped
VAC_155005_P001_WA01,#35,Diversity panel,Yes
VAC_155005_P001_WA02,Budd's Blues,Diversity panel,Yes
VAC_155005_P001_WA03,Howes,Diversity panel,Yes
VAC_155005_P001_WA04,ST,Diversity panel,Yes
VAC_155005_P001_WA05,YBS02,Diversity panel,Yes
VAC_155005_P001_WA06,YBS12,Diversity panel,Yes
VAC_155005_P001_WA07,YBS21,Diversity panel,Yes
VAC_155005_P001_WA08,MG12,Diversity panel,Yes
VAC_155005_P001_WA09,QS05,Diversity panel,Yes
VAC_155005_P001_WA10,WC12-006,Diversity panel,Yes
VAC_155005_P001_WA11,WC12-101,Diversity panel,Yes
VAC_155005_P001_WA12,WC12-153,Diversity panel,Yes
VAC_155005_P001_WB01,Bain Fav. #1,Diversity panel,Yes
VAC_155005_P001_WB02,Crimson Queen,Diversity panel,Yes
VAC_155005_P001_WB03,HyRed,Diversity panel,Yes
VAC_155005_P001_WB04,Sundance,Diversity panel,Yes
VAC_155005_P001_WB05,YBS05,Diversity panel,Yes
VAC_155005_P001_WB06,YBS13,Diversity panel,Yes
VAC_155005_P001_WB07,YBS22,Diversity panel,Yes
VAC_155005_P001_WB08,Murphy's Green (a),Diversity panel,Yes
VAC_155005_P001_WB09,QS06,Diversity panel,Yes
VAC_155005_P001_WB10,WC12-008,Diversity panel,Yes
VAC_155005_P001_WB11,WC12-104,Diversity panel,Yes
VAC_155005_P001_WB12,WC12-199,Diversity panel,Yes
VAC_155005_P001_WC01,BE4,Diversity panel,Yes
VAC_155005_P001_WC02,D07,Diversity panel,Yes
VAC_155005_P001_WC03,J21,Diversity panel,Yes
VAC_155005_P001_WC04,V07,Diversity panel,Yes
VAC_155005_P001_WC05,YBS06,Diversity panel,Yes
VAC_155005_P001_WC06,YBS14,Diversity panel,Yes
VAC_155005_P001_WC07,YBS23,Diversity panel,Yes
VAC_155005_P001_WC08,Murphy's Green,Diversity panel,Yes
VAC_155005_P001_WC09,QS07,Diversity panel,Yes
VAC_155005_P001_WC10,WC12-012,Diversity panel,Yes
VAC_155005_P001_WC11,WC12-110,Diversity panel,Yes
VAC_155005_P001_WC12,WC12-221,Diversity panel,Yes
VAC_155005_P001_WD01,Ben Lear,Diversity panel,Yes
VAC_155005_P001_WD02,Demoranville,Diversity panel,Yes
VAC_155005_P001_WD03,LoRed,Diversity panel,Yes
VAC_155005_P001_WD04,V11,Diversity panel,Yes
VAC_155005_P001_WD05,YBS07,Diversity panel,Yes
VAC_155005_P001_WD06,YBS16,Diversity panel,Yes
VAC_155005_P001_WD07,MG02,Diversity panel,Yes
VAC_155005_P001_WD08,CNJ10-4-9,Diversity panel,Yes
VAC_155005_P001_WD09,QS08,Diversity panel,Yes
VAC_155005_P001_WD10,WC12-014,Diversity panel,Yes
VAC_155005_P001_WD11,WC12-112,Diversity panel,Yes
VAC_155005_P001_WD12,WC12-232,Diversity panel,Yes
VAC_155005_P001_WE01,Bergman,Diversity panel,Yes
VAC_155005_P001_WE02,Early Black,NA,NA
VAC_155005_P001_WE03,Mullica Queen,Diversity panel,Yes
VAC_155005_P001_WE04,Wilcox,Diversity panel,Yes
VAC_155005_P001_WE05,YBS08,Diversity panel,Yes
VAC_155005_P001_WE06,YBS17,Diversity panel,Yes
VAC_155005_P001_WE07,MG03,Diversity panel,Yes
VAC_155005_P001_WE08,QS01,Diversity panel,Yes
VAC_155005_P001_WE09,DP14,Diversity panel,Yes
VAC_155005_P001_WE10,WC12-017,Diversity panel,Yes
VAC_155005_P001_WE11,WC12-114,Diversity panel,Yes
VAC_155005_P001_WE12,WC12-280,Diversity panel,Yes
VAC_155005_P001_WF01,BG,Diversity panel,Yes
VAC_155005_P001_WF02,Franklin,Diversity panel,Yes
VAC_155005_P001_WF03,Pilgrim King,Diversity panel,Yes
VAC_155005_P001_WF04,WSU108,Diversity panel,Yes
VAC_155005_P001_WF05,YBS09,Diversity panel,Yes
VAC_155005_P001_WF06,YBS18,Diversity panel,Yes
VAC_155005_P001_WF07,MG04,Diversity panel,Yes
VAC_155005_P001_WF08,QS02,Diversity panel,Yes
VAC_155005_P001_WF09,DP17,Diversity panel,Yes
VAC_155005_P001_WF10,WC12-032,Diversity panel,Yes
VAC_155005_P001_WF11,WC12-131,Diversity panel,Yes
VAC_155005_P001_WF12,WC12-288,Diversity panel,Yes
VAC_155005_P001_WG01,BG48,Diversity panel,Yes
VAC_155005_P001_WG02,GH1,Diversity panel,Yes
VAC_155005_P001_WG03,Potter's Favorite,Diversity panel,Yes
VAC_155005_P001_WG04,Yellow Bell,Diversity panel,Yes
VAC_155005_P001_WG05,YBS10,Diversity panel,Yes
VAC_155005_P001_WG06,YBS19,Diversity panel,Yes
VAC_155005_P001_WG07,MG07,Diversity panel,Yes
VAC_155005_P001_WG08,QS03,Diversity panel,Yes
VAC_155005_P001_WG09,WC16-026,Diversity panel,Yes
VAC_155005_P001_WG10,WC12-090,Diversity panel,Yes
VAC_155005_P001_WG11,WC12-132,Diversity panel,Yes
VAC_155005_P001_WH01,BG-Yellow,Diversity panel,Yes
VAC_155005_P001_WH02,Harju,Diversity panel,Yes
VAC_155005_P001_WH03,Ruby Star,Diversity panel,Yes
VAC_155005_P001_WH04,YBS01,Diversity panel,Yes
VAC_155005_P001_WH05,YBS11,Diversity panel,Yes
VAC_155005_P001_WH06,YBS20,Diversity panel,Yes
VAC_155005_P001_WH07,MG09,Diversity panel,Yes
VAC_155005_P001_WH08,QS04,Diversity panel,Yes
VAC_155005_P001_WH09,WC12-001,Diversity panel,Yes
VAC_155005_P001_WH10,WC12-091,Diversity panel,Yes
VAC_155005_P001_WH11,WC12-133,Diversity panel,Yes
VAC_155005_P002_WA01,WC12-332,Diversity panel,Yes
VAC_155005_P002_WA02,WC16-027,Diversity panel,Yes
VAC_155005_P002_WA03,WC16-043,Diversity panel,Yes
VAC_155005_P002_WA04,WC16-061,Diversity panel,Yes
VAC_155005_P002_WA05,WC16-072,Diversity panel,Yes
VAC_155005_P002_WA06,D8S,Diversity panel,Yes
VAC_155005_P002_WA07,BL19,Diversity panel,Yes
VAC_155005_P002_WA08,Chip17,Diversity panel,Yes
VAC_155005_P002_WA09,HAWL05,Diversity panel,Yes
VAC_155005_P002_WA10,LL14,Diversity panel,Yes
VAC_155005_P002_WA11,LRL02,Diversity panel,Yes
VAC_155005_P002_WA12,PMW02,Diversity panel,Yes
VAC_155005_P002_WB01,WC12-1190,Diversity panel,Yes
VAC_155005_P002_WB02,WC16-029,Diversity panel,Yes
VAC_155005_P002_WB03,WC16-049,Diversity panel,Yes
VAC_155005_P002_WB04,WC16-062,Diversity panel,Yes
VAC_155005_P002_WB05,WC16-073,Diversity panel,Yes
VAC_155005_P002_WB06,BL03,Diversity panel,Yes
VAC_155005_P002_WB07,BLM01,Diversity panel,Yes
VAC_155005_P002_WB08,FRLK12,Diversity panel,Yes
VAC_155005_P002_WB09,HW05,Diversity panel,Yes
VAC_155005_P002_WB10,LL15,Diversity panel,Yes
VAC_155005_P002_WB11,LRL03,Diversity panel,Yes
VAC_155005_P002_WB12,PMW16,Diversity panel,Yes
VAC_155005_P002_WC01,WC16-004,Diversity panel,Yes
VAC_155005_P002_WC02,WC16-034,Diversity panel,Yes
VAC_155005_P002_WC03,WC16-051,Diversity panel,Yes
VAC_155005_P002_WC04,WC16-063,Diversity panel,Yes
VAC_155005_P002_WC05,WC17-001,Diversity panel,Yes
VAC_155005_P002_WC06,BL04,Diversity panel,Yes
VAC_155005_P002_WC07,Chip01,Diversity panel,Yes
VAC_155005_P002_WC08,GYPL17,Diversity panel,Yes
VAC_155005_P002_WC09,HW12,Diversity panel,Yes
VAC_155005_P002_WC10,LOLM01,Diversity panel,Yes
VAC_155005_P002_WC11,LRL04,Diversity panel,Yes
VAC_155005_P002_WC12,PMW20,Diversity panel,Yes
VAC_155005_P002_WD01,WC16-011,Diversity panel,Yes
VAC_155005_P002_WD02,WC16-036,Diversity panel,Yes
VAC_155005_P002_WD03,WC16-054,Diversity panel,Yes
VAC_155005_P002_WD04,WC16-066,Diversity panel,Yes
VAC_155005_P002_WD05,WC17-002,Diversity panel,Yes
VAC_155005_P002_WD06,BL05,Diversity panel,Yes
VAC_155005_P002_WD07,Chip03,Diversity panel,Yes
VAC_155005_P002_WD08,GYPL18,Diversity panel,Yes
VAC_155005_P002_WD09,KLB17,Diversity panel,Yes
VAC_155005_P002_WD10,LOLM03,Diversity panel,Yes
VAC_155005_P002_WD11,LRL05,Diversity panel,Yes
VAC_155005_P002_WD12,SEB15,Diversity panel,Yes
VAC_155005_P002_WE01,WC16-014,Diversity panel,Yes
VAC_155005_P002_WE02,WC16-037,Diversity panel,Yes
VAC_155005_P002_WE03,WC16-056,Diversity panel,Yes
VAC_155005_P002_WE04,WC16-067,Diversity panel,Yes
VAC_155005_P002_WE05,WC17-003,Diversity panel,Yes
VAC_155005_P002_WE06,BL09,Diversity panel,Yes
VAC_155005_P002_WE07,Chip05,Diversity panel,Yes
VAC_155005_P002_WE08,GYPL19,Diversity panel,Yes
VAC_155005_P002_WE09,LL07,Diversity panel,Yes
VAC_155005_P002_WE10,LOLM07,Diversity panel,Yes
VAC_155005_P002_WE11,LRL10,Diversity panel,Yes
VAC_155005_P002_WE12,SHPL13,Diversity panel,Yes
VAC_155005_P002_WF01,WC16-017,Diversity panel,Yes
VAC_155005_P002_WF02,WC16-040,Diversity panel,Yes
VAC_155005_P002_WF03,WC16-058,Diversity panel,Yes
VAC_155005_P002_WF04,WC16-068,Diversity panel,Yes
VAC_155005_P002_WF05,WC17-004,Diversity panel,Yes
VAC_155005_P002_WF06,BL10,Diversity panel,Yes
VAC_155005_P002_WF07,Chip07,Diversity panel,Yes
VAC_155005_P002_WF08,GYPL28,Diversity panel,Yes
VAC_155005_P002_WF09,LL08,Diversity panel,Yes
VAC_155005_P002_WF10,LOLM11,Diversity panel,Yes
VAC_155005_P002_WF11,LRL11,Diversity panel,Yes
VAC_155005_P002_WF12,WABL04,Diversity panel,Yes
VAC_155005_P002_WG01,WC16-018,Diversity panel,Yes
VAC_155005_P002_WG02,WC16-041,Diversity panel,Yes
VAC_155005_P002_WG03,WC16-059,Diversity panel,Yes
VAC_155005_P002_WG04,WC16-070,Diversity panel,Yes
VAC_155005_P002_WG05,A41S-X3,Diversity panel,Yes
VAC_155005_P002_WG06,BL14,Diversity panel,Yes
VAC_155005_P002_WG07,Chip08,Diversity panel,Yes
VAC_155005_P002_WG08,GYPL31,Diversity panel,Yes
VAC_155005_P002_WG09,LL12,Diversity panel,Yes
VAC_155005_P002_WG10,LOLM12,Diversity panel,Yes
VAC_155005_P002_WG11,LRL15,Diversity panel,Yes
VAC_155005_P002_WH01,WC16-023,Diversity panel,Yes
VAC_155005_P002_WH02,WC16-042,Diversity panel,Yes
VAC_155005_P002_WH03,WC16-060,Diversity panel,Yes
VAC_155005_P002_WH04,WC16-071,Diversity panel,Yes
VAC_155005_P002_WH05,A41S-X8,Diversity panel,Yes
VAC_155005_P002_WH06,BL18,Diversity panel,Yes
VAC_155005_P002_WH07,Chip10,Diversity panel,Yes
VAC_155005_P002_WH08,GYPL32,Diversity panel,Yes
VAC_155005_P002_WH09,LL13,Diversity panel,Yes
VAC_155005_P002_WH10,LRL01,Diversity panel,Yes
VAC_155005_P002_WH11,LRL18,Diversity panel,Yes
VAC_155005_P003_WA01,LWP-Unk,NA,NA
VAC_155005_P003_WA02,WC17-022,Diversity panel,Yes
VAC_155005_P003_WA03,WC17-027-2,Diversity panel,Yes
VAC_155005_P003_WA04,WC17-037-1,Diversity panel,Yes
VAC_155005_P003_WA05,WC17-046-1,Diversity panel,Yes
VAC_155005_P003_WA06,WC17-053-3,Diversity panel,Yes
VAC_155005_P003_WA07,WC17-065-3,Diversity panel,Yes
VAC_155005_P003_WA08,WC17-086-1,Diversity panel,Yes
VAC_155005_P003_WA09,A4S193,NA,NA
VAC_155005_P003_WA10,#35 x HyRed-02,NA,NA
VAC_155005_P003_WA11,#35 x WSU108-06,NA,NA
VAC_155005_P003_WA12,Cranzilla-02,NA,NA
VAC_155005_P003_WB01,WC17-007-1,Diversity panel,Yes
VAC_155005_P003_WB02,WC17-023-8,Diversity panel,Yes
VAC_155005_P003_WB03,WC17-027-3,Diversity panel,Yes
VAC_155005_P003_WB04,WC17-038-1,Diversity panel,Yes
VAC_155005_P003_WB05,WC17-046-5,Diversity panel,Yes
VAC_155005_P003_WB06,WC17-053-4,Diversity panel,Yes
VAC_155005_P003_WB07,WC17-070-1,Diversity panel,Yes
VAC_155005_P003_WB08,WC17-090-6,Diversity panel,Yes
VAC_155005_P003_WB09,A4S203,NA,NA
VAC_155005_P003_WB10,#35 x HyRed-03,NA,NA
VAC_155005_P003_WB11,#35 x WSU108-07,NA,NA
VAC_155005_P003_WB12,Cranzilla-03,NA,NA
VAC_155005_P003_WC01,WC17-007-7,Diversity panel,Yes
VAC_155005_P003_WC02,WC17-024-1,Diversity panel,Yes
VAC_155005_P003_WC03,WC17-027-4,Diversity panel,Yes
VAC_155005_P003_WC04,WC17-038-2,Diversity panel,Yes
VAC_155005_P003_WC05,WC17-047-1,Diversity panel,Yes
VAC_155005_P003_WC06,WC17-057-2,Diversity panel,Yes
VAC_155005_P003_WC07,WC17-070-7,Diversity panel,Yes
VAC_155005_P003_WC08,WC17-099-2,Diversity panel,Yes
VAC_155005_P003_WC09,A5S097,NA,NA
VAC_155005_P003_WC10,#35 x HyRed-04,NA,NA
VAC_155005_P003_WC11,#35 x WSU108-08,NA,NA
VAC_155005_P003_WC12,Cranzilla-04,NA,NA
VAC_155005_P003_WD01,WC17-008-1,Diversity panel,Yes
VAC_155005_P003_WD02,WC17-025-1,Diversity panel,Yes
VAC_155005_P003_WD03,WC17-027-5,Diversity panel,Yes
VAC_155005_P003_WD04,WC17-039-1,Diversity panel,Yes
VAC_155005_P003_WD05,WC17-047-3,Diversity panel,Yes
VAC_155005_P003_WD06,WC17-062-1,Diversity panel,Yes
VAC_155005_P003_WD07,WC17-072-1,Diversity panel,Yes
VAC_155005_P003_WD08,WC12-325,Diversity panel,Yes
VAC_155005_P003_WD09,BLS079,NA,NA
VAC_155005_P003_WD10,#35 x WSU108-01,NA,NA
VAC_155005_P003_WD11,#35 x WSU108-09,NA,NA
VAC_155005_P003_WD12,Cranzilla-05,NA,NA
VAC_155005_P003_WE01,WC17-013-1,Diversity panel,Yes
VAC_155005_P003_WE02,WC17-025-2,Diversity panel,Yes
VAC_155005_P003_WE03,WC17-027-6,Diversity panel,Yes
VAC_155005_P003_WE04,WC17-041-1,Diversity panel,Yes
VAC_155005_P003_WE05,WC17-047-7,Diversity panel,Yes
VAC_155005_P003_WE06,WC17-063,Diversity panel,Yes
VAC_155005_P003_WE07,WC17-074-3,Diversity panel,Yes
VAC_155005_P003_WE08,WC12-326,Diversity panel,Yes
VAC_155005_P003_WE09,BLS210,NA,NA
VAC_155005_P003_WE10,#35 x WSU108-02,NA,NA
VAC_155005_P003_WE11,#35 x WSU108-10,NA,NA
VAC_155005_P003_WE12,Cranzilla-06,NA,NA
VAC_155005_P003_WF01,WC17-013-5,Diversity panel,Yes
VAC_155005_P003_WF02,WC17-026-3,Diversity panel,Yes
VAC_155005_P003_WF03,WC17-027-7,Diversity panel,Yes
VAC_155005_P003_WF04,WC17-042-1,Diversity panel,Yes
VAC_155005_P003_WF05,WC17-050-3,Diversity panel,Yes
VAC_155005_P003_WF06,WC17-064,Diversity panel,Yes
VAC_155005_P003_WF07,WC17-074-5,Diversity panel,Yes
VAC_155005_P003_WF08,WABL06,Diversity panel,Yes
VAC_155005_P003_WF09,BLS211,NA,NA
VAC_155005_P003_WF10,#35 x WSU108-03,NA,NA
VAC_155005_P003_WF11,#35 x WSU108-11,NA,NA
VAC_155005_P003_WF12,Cranzilla-07,NA,NA
VAC_155005_P003_WG01,WC17-014-1,Diversity panel,Yes
VAC_155005_P003_WG02,WC17-026-6,Diversity panel,Yes
VAC_155005_P003_WG03,WC17-036-1,Diversity panel,Yes
VAC_155005_P003_WG04,WC17-043-1,Diversity panel,Yes
VAC_155005_P003_WG05,WC17-052-1,Diversity panel,Yes
VAC_155005_P003_WG06,WC17-065-1,Diversity panel,Yes
VAC_155005_P003_WG07,WC17-079-4,Diversity panel,Yes
VAC_155005_P003_WG08,WABL11,Diversity panel,Yes
VAC_155005_P003_WG09,PGS108,NA,NA
VAC_155005_P003_WG10,#35 x WSU108-04,NA,NA
VAC_155005_P003_WG11,#35 x WSU108-12,NA,NA
VAC_155005_P003_WH01,WC17-020-3,Diversity panel,Yes
VAC_155005_P003_WH02,WC17-027-1,Diversity panel,Yes
VAC_155005_P003_WH03,WC17-036-7,Diversity panel,Yes
VAC_155005_P003_WH04,WC17-043-8,Diversity panel,Yes
VAC_155005_P003_WH05,WC17-052-3,Diversity panel,Yes
VAC_155005_P003_WH06,WC17-065-2,Diversity panel,Yes
VAC_155005_P003_WH07,WC17-081-1,Diversity panel,Yes
VAC_155005_P003_WH08,A4S109,NA,NA
VAC_155005_P003_WH09,#35 x HyRed-01,NA,NA
VAC_155005_P003_WH10,#35 x WSU108-05,NA,NA
VAC_155005_P003_WH11,Cranzilla-01,NA,NA
VAC_155005_P004_WA01,Cranzilla-08,NA,NA
VAC_155005_P004_WA02,ST x BL8-03,NA,NA
VAC_155005_P004_WA03,ST x BL8-11,NA,NA
VAC_155005_P004_WA04,ST x BL8-19,NA,NA
VAC_155005_P004_WA05,ST x BL8-27,NA,NA
VAC_155005_P004_WA06,ST x BL8-35,NA,NA
VAC_155005_P004_WA07,ST x BL8-43,NA,NA
VAC_155005_P004_WA08,ST x BL8-51,NA,NA
VAC_155005_P004_WA09,BL05-1-2,NA,NA
VAC_155005_P004_WA10,CNJ12-56-07,Color panel,Yes
VAC_155005_P004_WA11,CNJ08-233-12,Color panel,Yes
VAC_155005_P004_WA12,CNJ12-56-43,Color panel,Yes
VAC_155005_P004_WB01,Cranzilla-09,NA,NA
VAC_155005_P004_WB02,ST x BL8-04,NA,NA
VAC_155005_P004_WB03,ST x BL8-12,NA,NA
VAC_155005_P004_WB04,ST x BL8-20,NA,NA
VAC_155005_P004_WB05,ST x BL8-28,NA,NA
VAC_155005_P004_WB06,ST x BL8-36,NA,NA
VAC_155005_P004_WB07,ST x BL8-44,NA,NA
VAC_155005_P004_WB08,ST x BL8-52,NA,NA
VAC_155005_P004_WB09,WC12-101,Diversity panel,Yes
VAC_155005_P004_WB10,CNJ08-233-47,Color panel,Yes
VAC_155005_P004_WB11,CNJ08-233-15,Color panel,Yes
VAC_155005_P004_WB12,CNJ08-233-46,Color panel,Yes
VAC_155005_P004_WC01,Cranzilla-10,NA,NA
VAC_155005_P004_WC02,ST x BL8-05,NA,NA
VAC_155005_P004_WC03,ST x BL8-13,NA,NA
VAC_155005_P004_WC04,ST x BL8-21,NA,NA
VAC_155005_P004_WC05,ST x BL8-29,NA,NA
VAC_155005_P004_WC06,ST x BL8-37,NA,NA
VAC_155005_P004_WC07,ST x BL8-45,NA,NA
VAC_155005_P004_WC08,ST x BL8-53,NA,NA
VAC_155005_P004_WC09,WC12-280B,NA,NA
VAC_155005_P004_WC10,CNJ04-23-9,Color panel,Yes
VAC_155005_P004_WC11,CNJ08-233-62,Color panel,Yes
VAC_155005_P004_WC12,CNJ08-233-81,Color panel,Yes
VAC_155005_P004_WD01,Cranzilla-11,NA,NA
VAC_155005_P004_WD02,ST x BL8-06,NA,NA
VAC_155005_P004_WD03,ST x BL8-14,NA,NA
VAC_155005_P004_WD04,ST x BL8-22,NA,NA
VAC_155005_P004_WD05,ST x BL8-30,NA,NA
VAC_155005_P004_WD06,ST x BL8-38,NA,NA
VAC_155005_P004_WD07,ST x BL8-46,NA,NA
VAC_155005_P004_WD08,ST x BL8-54,NA,NA
VAC_155005_P004_WD09,CNJ05-34-40,Color panel,Yes
VAC_155005_P004_WD10,CNJ08-233-1,Color panel,Yes
VAC_155005_P004_WD11,CNJ12-56-31,Color panel,Yes
VAC_155005_P004_WD12,CNJ12-56-50,Color panel,Yes
VAC_155005_P004_WE01,Cranzilla-12,NA,NA
VAC_155005_P004_WE02,ST x BL8-07,NA,NA
VAC_155005_P004_WE03,ST x BL8-15,NA,NA
VAC_155005_P004_WE04,ST x BL8-23,NA,NA
VAC_155005_P004_WE05,ST x BL8-31,NA,NA
VAC_155005_P004_WE06,ST x BL8-39,NA,NA
VAC_155005_P004_WE07,ST x BL8-47,NA,NA
VAC_155005_P004_WE08,ST x BL8-55,NA,NA
VAC_155005_P004_WE09,CNJ12-56-02,Color panel,Yes
VAC_155005_P004_WE10,CNJ12-56-13,Color panel,Yes
VAC_155005_P004_WE11,CNJ08-233-54,Color panel,Yes
VAC_155005_P004_WE12,CNJ12-56-51,Color panel,Yes
VAC_155005_P004_WF01,HyRed x WSU108-1,NA,NA
VAC_155005_P004_WF02,ST x BL8-08,NA,NA
VAC_155005_P004_WF03,ST x BL8-16,NA,NA
VAC_155005_P004_WF04,ST x BL8-24,NA,NA
VAC_155005_P004_WF05,ST x BL8-32,NA,NA
VAC_155005_P004_WF06,ST x BL8-40,NA,NA
VAC_155005_P004_WF07,ST x BL8-48,NA,NA
VAC_155005_P004_WF08,ST x BL8-56,NA,NA
VAC_155005_P004_WF09,CNJ12-56-04,Color panel,Yes
VAC_155005_P004_WF10,CNJ12-56-14,Color panel,Yes
VAC_155005_P004_WF11,CNJ08-233-35,Color panel,Yes
VAC_155005_P004_WF12,CNJ12-56-52,Color panel,Yes
VAC_155005_P004_WG01,ST x BL8-01,NA,NA
VAC_155005_P004_WG02,ST x BL8-09,NA,NA
VAC_155005_P004_WG03,ST x BL8-17,NA,NA
VAC_155005_P004_WG04,ST x BL8-25,NA,NA
VAC_155005_P004_WG05,ST x BL8-33,NA,NA
VAC_155005_P004_WG06,ST x BL8-41,NA,NA
VAC_155005_P004_WG07,ST x BL8-49,NA,NA
VAC_155005_P004_WG08,ST x BL8-58,NA,NA
VAC_155005_P004_WG09,CNJ12-56-05,Color panel,Yes
VAC_155005_P004_WG10,CNJ12-56-17,Color panel,Yes
VAC_155005_P004_WG11,CNJ08-233-57,Color panel,Yes
VAC_155005_P004_WH01,ST x BL8-02,NA,NA
VAC_155005_P004_WH02,ST x BL8-10,NA,NA
VAC_155005_P004_WH03,ST x BL8-18,NA,NA
VAC_155005_P004_WH04,ST x BL8-26,NA,NA
VAC_155005_P004_WH05,ST x BL8-34,NA,NA
VAC_155005_P004_WH06,ST x BL8-42,NA,NA
VAC_155005_P004_WH07,ST x BL8-50,NA,NA
VAC_155005_P004_WH08,BL05-1-1,NA,NA
VAC_155005_P004_WH09,CNJ12-56-06,Color panel,Yes
VAC_155005_P004_WH10,CNJ08-233-38,Color panel,Yes
VAC_155005_P004_WH11,CNJ08-233-58,Color panel,Yes
VAC_155005_P005_WA01,CNJ12-56-54,Color panel,Yes
VAC_155005_P005_WA02,CNJ12-56-68,Color panel,Yes
VAC_155005_P005_WA03,CNJ12-56-102,Color panel,Yes
VAC_155005_P005_WA04,CNJ08-233-41,Color panel,Yes
VAC_155005_P005_WA05,CNJ12-56-137,Color panel,Yes
VAC_155005_P005_WA06,CNJ12-56-148,Color panel,Yes
VAC_155005_P005_WA07,CNJ08-233-36,Color panel,Yes
VAC_155005_P005_WA08,CNJ08-233-79,Color panel,Yes
VAC_155005_P005_WA09,CNJ12-56-200,Color panel,Yes
VAC_155005_P005_WA10,CNJ12-58-09,Color panel,Yes
VAC_155005_P005_WA11,CNJ12-58-20,Color panel,Yes
VAC_155005_P005_WA12,CNJ12-58-28,Color panel,Yes
VAC_155005_P005_WB01,CNJ04-23-7,Color panel,Yes
VAC_155005_P005_WB02,CNJ08-233-69,Color panel,Yes
VAC_155005_P005_WB03,CNJ12-56-105,Color panel,Yes
VAC_155005_P005_WB04,CNJ08-233-24,Color panel,Yes
VAC_155005_P005_WB05,CNJ12-56-139,Color panel,Yes
VAC_155005_P005_WB06,CNJ12-56-150,Color panel,Yes
VAC_155005_P005_WB07,CNJ12-56-172,Color panel,Yes
VAC_155005_P005_WB08,CNJ12-56-190,Color panel,Yes
VAC_155005_P005_WB09,CNJ12-56-202,Color panel,Yes
VAC_155005_P005_WB10,CNJ12-58-10,Color panel,Yes
VAC_155005_P005_WB11,CNJ12-58-21,Color panel,Yes
VAC_155005_P005_WB12,CNJ12-58-29,Color panel,Yes
VAC_155005_P005_WC01,CNJ12-56-56,Color panel,Yes
VAC_155005_P005_WC02,CNJ12-56-71,Color panel,Yes
VAC_155005_P005_WC03,CNJ12-56-106,Color panel,Yes
VAC_155005_P005_WC04,CNJ08-233-26,Color panel,Yes
VAC_155005_P005_WC05,CNJ12-56-141,Color panel,Yes
VAC_155005_P005_WC06,CNJ12-56-153,Color panel,Yes
VAC_155005_P005_WC07,CNJ08-233-49,Color panel,Yes
VAC_155005_P005_WC08,CNJ12-56-191,Color panel,Yes
VAC_155005_P005_WC09,CNJ12-58-01,Color panel,Yes
VAC_155005_P005_WC10,CNJ12-58-11,Color panel,Yes
VAC_155005_P005_WC11,CNJ12-58-22,Color panel,Yes
VAC_155005_P005_WC12,CNJ12-58-30,Color panel,Yes
VAC_155005_P005_WD01,CNJ12-56-58,Color panel,Yes
VAC_155005_P005_WD02,CNJ12-56-73,Color panel,Yes
VAC_155005_P005_WD03,CNJ12-56-108,Color panel,Yes
VAC_155005_P005_WD04,CNJ12-56-124,Color panel,Yes
VAC_155005_P005_WD05,CNJ12-56-142,Color panel,Yes
VAC_155005_P005_WD06,CNJ12-56-154,Color panel,Yes
VAC_155005_P005_WD07,CNJ12-56-179,Color panel,Yes
VAC_155005_P005_WD08,CNJ12-56-192,Color panel,Yes
VAC_155005_P005_WD09,CNJ08-233-43,Color panel,Yes
VAC_155005_P005_WD10,CNJ12-58-12,Color panel,Yes
VAC_155005_P005_WD11,CNJ12-58-23,Color panel,Yes
VAC_155005_P005_WD12,CNJ12-58-31,Color panel,Yes
VAC_155005_P005_WE01,CNJ12-56-59,Color panel,Yes
VAC_155005_P005_WE02,CNJ08-233-71,Color panel,Yes
VAC_155005_P005_WE03,CNJ08-233-21,Color panel,Yes
VAC_155005_P005_WE04,CNJ12-56-129,Color panel,Yes
VAC_155005_P005_WE05,CNJ12-56-143,Color panel,Yes
VAC_155005_P005_WE06,CNJ12-56-155,Color panel,Yes
VAC_155005_P005_WE07,CNJ08-233-37,Color panel,Yes
VAC_155005_P005_WE08,CNJ12-56-195,Color panel,Yes
VAC_155005_P005_WE09,CNJ12-58-03,Color panel,Yes
VAC_155005_P005_WE10,CNJ12-58-13,Color panel,Yes
VAC_155005_P005_WE11,CNJ12-58-24,Color panel,Yes
VAC_155005_P005_WE12,CNJ12-58-32,Color panel,Yes
VAC_155005_P005_WF01,CNJ08-233-64,Color panel,Yes
VAC_155005_P005_WF02,CNJ12-56-77,Color panel,Yes
VAC_155005_P005_WF03,CNJ08-233-23,Color panel,Yes
VAC_155005_P005_WF04,CNJ12-56-130,Color panel,Yes
VAC_155005_P005_WF05,CNJ12-56-144,Color panel,Yes
VAC_155005_P005_WF06,CNJ08-233-32,Color panel,Yes
VAC_155005_P005_WF07,CNJ12-56-185,Color panel,Yes
VAC_155005_P005_WF08,CNJ12-56-196,Color panel,Yes
VAC_155005_P005_WF09,CNJ12-58-04,Color panel,Yes
VAC_155005_P005_WF10,CNJ12-58-15,Color panel,Yes
VAC_155005_P005_WF11,CNJ12-58-25,Color panel,Yes
VAC_155005_P005_WF12,CNJ12-58-33,Color panel,Yes
VAC_155005_P005_WG01,CNJ08-233-73,Color panel,Yes
VAC_155005_P005_WG02,CNJ12-56-85,Color panel,Yes
VAC_155005_P005_WG03,CNJ12-56-113,Color panel,Yes
VAC_155005_P005_WG04,CNJ08-233-31,Color panel,Yes
VAC_155005_P005_WG05,CNJ12-56-145,Color panel,Yes
VAC_155005_P005_WG06,CNJ12-56-161,Color panel,Yes
VAC_155005_P005_WG07,CNJ12-56-186,Color panel,Yes
VAC_155005_P005_WG08,CNJ12-56-197,Color panel,Yes
VAC_155005_P005_WG09,CNJ12-58-05,Color panel,Yes
VAC_155005_P005_WG10,CNJ12-58-16,Color panel,Yes
VAC_155005_P005_WG11,CNJ12-58-26,Color panel,Yes
VAC_155005_P005_WH01,CNJ12-56-67,Color panel,Yes
VAC_155005_P005_WH02,CNJ08-233-19,Color panel,Yes
VAC_155005_P005_WH03,CNJ08-233-51,Color panel,Yes
VAC_155005_P005_WH04,CNJ12-56-135,Color panel,Yes
VAC_155005_P005_WH05,CNJ12-56-147,Color panel,Yes
VAC_155005_P005_WH06,CNJ12-56-162,Color panel,Yes
VAC_155005_P005_WH07,CNJ12-56-188,Color panel,Yes
VAC_155005_P005_WH08,CNJ08-233-74,Color panel,Yes
VAC_155005_P005_WH09,CNJ12-58-07,Color panel,Yes
VAC_155005_P005_WH10,CNJ12-58-17,Color panel,Yes
VAC_155005_P005_WH11,CNJ12-58-27,Color panel,Yes
