Phylum,Class,Order,Family,Genus,Species,B8-A,B8-B,B8-C,BA12-A,BA12-B,BA12-C,BB18-A,BB18-B,BB18-C,BL-A,BL-B,BL-C,FD10-A,FD10-B,FD10-C,FD14-A,FD14-B,FD14-C,FD6-A,FD6-B,FD6-C,FRLK-A,FRLK-B,FRLK-C,GN12-A,GN12-B,GN12-C,GW16-A,GW16-B,GW16-C,GW3-A,GW3-B,GW3-C,GYPL-A,GYPL-B,GYPL-C,H11H-A,H11H-B,H11H-C,H24H-A,H24H-B,H24H-C,H7H-A,H7H-B,H7H-C,HW-A,HW-B,HW-C,PC6-A,PC6-B,PC6-C,PF4-A,PF4-B,PF4-C,PG11-A,PG11-B,PG11-C,PMW-A,PMW-B,PMW-C,SHPL-A,SHPL-B,SHPL-C,WABL-A,WABL-B,WABL-C,Control
Ascomycota,Archaeorhizomycetes,Archaeorhizomycetales,Archaeorhizomycetaceae,Archaeorhizomyces,unclassified_Archaeorhizomyces,0,0,0,0,0,0,0,0,0,0,0,0,0,0,0,0,0,0,0,0,0,0,0,0,0,0,0,0,0,0,0,0,0,0,0,0,0,0,0,0,0,0,0,0,3,0,0,0,0,0,0,0,0,0,0,0,0,0,0,0,0,0,0,0,0,0,0
Ascomycota,Archaeorhizomycetes,Archaeorhizomycetales,Archaeorhizomycetaceae,Archaeorhizomyces,unidentified,0,0,0,0,0,0,0,0,0,0,0,0,0,4,0,3,3,25,25,6,0,0,0,0,0,0,0,0,3,0,0,3,0,0,0,0,366,124,1202,0,509,3,148,139,8,0,0,0,4,0,0,0,0,0,3,0,0,0,0,0,0,0,0,0,0,0,0
Ascomycota,Dothideomycetes,Cladosporiales,Cladosporiaceae,Cladosporium,Cladosporium_domesticum,0,0,0,0,0,0,0,0,0,0,0,0,0,0,0,0,0,0,0,0,0,0,0,0,0,0,0,0,0,0,0,0,0,0,0,0,0,0,0,0,0,0,0,0,0,0,0,0,0,0,0,0,0,0,0,0,61,0,0,0,0,0,0,0,0,0,0
Ascomycota,Dothideomycetes,Cladosporiales,Cladosporiaceae,Cladosporium,Cladosporium_xanthochromaticum,0,0,0,0,0,0,0,0,0,0,0,0,0,0,0,0,8,0,0,12,0,0,0,0,0,64,7,0,0,0,0,0,0,0,0,0,0,0,50,0,0,0,0,0,0,0,0,0,0,0,0,0,0,0,0,0,201,0,0,0,0,0,0,0,0,0,0
Ascomycota,Dothideomycetes,Cladosporiales,Cladosporiaceae,Cladosporium,unclassified_Cladosporium,0,0,0,0,46,0,3,4,0,0,0,0,0,0,35,0,0,9,0,0,0,0,0,0,0,0,0,0,0,0,42,0,0,0,0,0,0,8,0,33,0,0,0,0,0,0,0,0,0,0,0,0,0,0,0,93,38,0,0,0,0,0,0,0,0,0,0
Ascomycota,Dothideomycetes,Dothideales,Saccotheciaceae,Aureobasidium,Aureobasidium_melanogenum,0,0,0,0,0,0,0,0,0,0,0,0,0,0,0,0,0,0,0,0,0,0,0,0,0,0,0,0,0,0,0,0,0,0,0,0,0,0,0,0,0,0,0,0,0,0,91,0,0,0,0,0,0,0,0,0,93,0,0,0,0,0,0,0,0,0,0
Ascomycota,Dothideomycetes,Mycosphaerellales,Mycosphaerellaceae,Cercospora,unclassified_Cercospora,0,0,0,0,0,0,0,0,0,0,0,0,0,0,0,0,0,0,0,0,0,0,0,0,0,0,0,0,0,0,0,0,0,0,0,0,0,0,0,0,0,0,0,0,0,0,0,0,0,0,0,0,0,0,0,0,55,0,0,0,0,0,0,0,0,0,0
Ascomycota,Dothideomycetes,Mycosphaerellales,Neodevriesiaceae,Neodevriesia,Neodevriesia_shakazului,0,0,0,0,0,0,0,0,0,0,0,0,0,0,0,0,0,0,0,0,0,0,0,0,0,0,0,0,0,0,0,0,0,0,0,0,0,0,0,0,0,0,0,0,0,0,0,0,0,0,0,0,0,0,0,0,29,0,0,0,0,0,0,0,0,0,0
Ascomycota,Dothideomycetes,Mycosphaerellales,Teratosphaeriaceae,Acrodontium,Acrodontium_crateriforme,0,0,0,0,0,0,0,0,0,0,0,0,0,0,0,0,0,0,0,0,0,0,0,0,0,0,0,0,0,0,0,0,0,0,0,0,0,0,0,0,0,0,0,0,0,0,0,0,0,0,0,0,0,0,0,0,4,0,0,0,0,0,0,0,0,0,0
Ascomycota,Dothideomycetes,Pleosporales,Dictyosporiaceae,Neodendryphiella,Neodendryphiella_michoacanensis,0,0,0,0,0,0,0,0,0,0,0,0,0,0,0,0,0,0,0,0,0,0,0,0,0,0,0,0,0,0,0,0,0,0,0,0,0,0,8,0,0,0,0,0,0,0,0,0,0,0,0,0,0,0,0,0,0,0,0,0,0,0,0,0,0,0,0
Ascomycota,Dothideomycetes,Pleosporales,Didymellaceae,unclassified_Didymellaceae,unclassified_Didymellaceae,0,0,0,0,0,0,0,0,0,0,0,0,0,0,5,0,0,30,0,0,0,0,0,0,0,23,0,0,9,12,0,0,0,0,0,0,0,0,0,0,0,0,0,0,0,0,0,0,0,0,0,0,0,0,0,0,50,0,0,0,0,0,0,0,0,11,0
Ascomycota,Dothideomycetes,Pleosporales,Didymosphaeriaceae,Paraphaeosphaeria,unclassified_Paraphaeosphaeria,0,0,0,0,0,0,0,0,0,0,0,0,0,0,0,0,0,0,0,0,0,0,0,0,0,0,0,63,0,0,0,0,0,0,0,0,0,0,0,0,0,0,0,0,0,0,0,0,0,0,0,0,0,0,0,0,0,0,57,0,0,0,0,0,0,0,0
Ascomycota,Dothideomycetes,Pleosporales,Didymosphaeriaceae,Pseudopithomyces,Pseudopithomyces_angolensis,0,0,0,0,0,0,0,0,0,0,0,0,0,0,0,0,0,0,0,0,0,0,0,0,0,0,0,0,25,0,0,0,0,0,0,0,0,0,0,0,0,0,0,0,0,0,0,0,0,0,0,0,0,0,0,0,0,0,0,0,0,0,0,0,0,0,0
Ascomycota,Dothideomycetes,Pleosporales,Didymosphaeriaceae,Tremateia,Tremateia_chromolaenae,0,0,0,0,0,0,0,0,0,0,0,0,0,0,0,0,0,0,0,0,0,0,0,0,0,0,0,0,0,0,0,0,0,0,0,0,0,0,0,0,0,0,0,0,0,0,0,0,0,0,0,0,0,0,0,0,110,0,0,0,0,0,0,0,0,0,0
Ascomycota,Dothideomycetes,Pleosporales,Leptosphaeriaceae,Plenodomus,Plenodomus_biglobosus,0,0,0,0,0,0,0,0,0,0,0,0,0,0,0,0,0,0,0,0,0,0,0,0,0,0,0,34,0,26,0,0,0,0,0,0,0,0,0,0,0,0,0,0,0,0,0,0,0,0,0,0,0,0,0,0,0,0,0,0,0,0,0,0,0,0,0
Ascomycota,Dothideomycetes,Pleosporales,Lindgomycetaceae,Clohesyomyces,Clohesyomyces_aquaticus,0,0,0,0,0,0,0,0,0,0,0,0,0,0,0,0,0,0,0,0,0,0,0,0,0,0,0,0,0,0,0,0,0,0,0,0,0,0,0,0,0,0,0,0,0,0,0,0,0,0,0,0,0,0,0,0,0,0,6,0,0,0,0,0,0,0,0
Ascomycota,Dothideomycetes,Pleosporales,Lindgomycetaceae,Hongkongmyces,Hongkongmyces_thailandica,0,0,0,0,0,0,0,0,0,0,0,0,0,0,0,0,0,0,0,0,0,0,0,0,0,0,0,0,0,0,0,0,0,0,0,0,0,0,0,0,0,0,0,0,0,0,0,0,0,0,0,0,0,0,0,0,0,0,11,0,0,0,0,0,0,0,0
Ascomycota,Dothideomycetes,Pleosporales,Lophiotremataceae,Lophiotrema,Lophiotrema_eburnoides,0,0,0,0,0,0,0,0,0,0,0,0,0,0,0,0,0,0,0,0,0,0,0,0,0,0,0,0,0,0,0,0,0,0,0,0,0,0,0,0,0,0,0,0,0,0,0,0,0,0,0,8,0,0,0,0,0,0,0,0,0,0,0,0,0,0,0
Ascomycota,Dothideomycetes,Pleosporales,Lophiotremataceae,Lophiotrema,Lophiotrema_mucilaginosis,0,0,0,0,0,0,0,0,0,0,0,0,0,3,0,0,0,0,0,0,0,0,0,0,4,18,0,0,0,7,0,0,0,0,0,0,0,0,0,0,0,0,0,0,0,0,0,0,0,0,0,0,0,27,0,0,0,0,0,0,0,0,0,0,0,0,0
Ascomycota,Dothideomycetes,Pleosporales,Melanommataceae,Camposporium,Camposporium_septatum,0,0,0,0,0,0,0,0,0,0,0,0,0,0,0,0,0,0,0,0,0,0,0,0,0,0,50,0,0,0,0,0,0,0,0,0,0,0,0,0,0,0,0,0,0,0,0,0,0,0,0,0,0,0,0,0,0,0,0,0,0,0,0,0,0,0,0
Ascomycota,Dothideomycetes,Pleosporales,Melanommataceae,unclassified_Melanommataceae,unclassified_Melanommataceae,0,0,0,0,0,0,0,0,0,0,0,0,0,0,0,0,0,0,0,0,0,0,0,0,0,19,0,0,0,0,0,0,0,0,0,0,0,0,0,0,0,0,0,0,0,0,0,0,0,0,0,0,0,0,0,0,0,0,0,0,0,0,0,0,0,0,0
Ascomycota,Dothideomycetes,Pleosporales,Periconiaceae,Periconia,Periconia_pseudodigitata,0,0,0,0,0,0,0,0,0,0,0,0,0,0,0,0,0,0,0,0,0,0,0,0,0,0,0,0,0,0,0,0,0,0,0,0,0,0,45,0,0,0,0,0,0,0,0,0,0,0,0,0,0,0,0,0,0,0,0,0,0,0,0,0,0,0,0
Ascomycota,Dothideomycetes,Pleosporales,Periconiaceae,Periconia,unclassified_Periconia,0,0,0,0,0,0,0,0,0,0,0,0,0,0,0,0,6,0,0,0,0,0,0,0,0,0,0,0,0,0,0,0,0,0,0,0,0,0,22,0,0,0,0,0,0,0,0,0,0,0,0,0,0,0,0,0,0,0,0,0,0,0,0,0,0,0,0
Ascomycota,Dothideomycetes,Pleosporales,Phaeosphaeriaceae,Paraphoma,Paraphoma_radicina,0,0,0,0,0,0,0,0,0,0,0,0,0,0,0,0,0,0,0,0,0,0,0,0,0,0,0,97,0,0,0,0,0,0,0,0,0,0,0,0,0,0,0,0,0,0,0,0,0,0,0,0,0,0,0,0,0,0,0,0,0,0,0,0,0,0,0
Ascomycota,Dothideomycetes,Pleosporales,Phaeosphaeriaceae,Phaeosphaeria,Phaeosphaeria_oryzae,0,0,0,0,0,0,0,0,0,0,0,0,0,0,0,0,3,0,0,0,0,0,0,0,0,0,0,0,0,0,0,0,0,0,0,0,0,0,45,0,0,0,0,0,0,0,0,0,0,0,0,0,0,0,0,0,0,0,0,0,0,0,0,0,0,0,0
Ascomycota,Dothideomycetes,Pleosporales,Phaeosphaeriaceae,unclassified_Phaeosphaeriaceae,unclassified_Phaeosphaeriaceae,0,0,0,0,0,0,0,0,0,0,0,0,0,0,0,0,0,0,0,0,0,0,0,0,0,0,0,0,0,0,0,0,0,0,0,0,0,0,0,0,0,0,0,0,0,0,0,0,0,0,0,0,0,22,0,0,0,5,0,0,0,0,0,0,0,0,0
Ascomycota,Dothideomycetes,Pleosporales,Pleosporaceae,Alternaria,unclassified_Alternaria,0,0,0,0,0,0,0,0,0,0,0,0,0,0,5,52,10,0,0,12,0,0,0,0,0,74,39,0,0,22,21,22,0,0,0,0,0,0,0,0,56,0,0,0,0,0,0,0,0,0,0,0,0,12,7,0,263,0,39,0,0,0,0,0,0,0,0
Ascomycota,Dothideomycetes,Pleosporales,Pleosporaceae,Curvularia,Curvularia_boeremae,0,0,0,0,0,0,0,0,0,0,0,0,0,0,0,0,0,0,0,0,0,0,0,0,0,0,57,0,0,0,0,0,0,0,0,0,0,0,0,0,0,0,0,0,0,0,0,0,0,0,0,0,0,0,0,0,0,0,0,0,0,0,0,0,0,0,0
Ascomycota,Dothideomycetes,Pleosporales,Pleosporaceae,Curvularia,unclassified_Curvularia,0,0,0,0,0,0,0,0,0,0,0,0,0,0,0,0,0,0,0,0,0,0,0,0,0,0,4,0,0,0,0,0,0,0,0,0,0,0,75,0,0,0,0,0,0,0,0,0,0,0,0,0,0,0,0,0,39,0,0,0,0,0,0,0,0,0,0
Ascomycota,Dothideomycetes,Pleosporales,Pleosporaceae,Neocamarosporium,Neocamarosporium_lamiacearum,0,0,0,0,0,0,0,0,0,0,17,0,0,0,0,0,0,0,0,0,0,0,0,0,0,0,0,0,0,0,0,0,0,0,0,0,0,0,0,0,0,0,0,0,0,0,0,0,0,0,0,0,0,0,0,0,0,0,0,0,0,0,0,0,0,0,0
Ascomycota,Dothideomycetes,Pleosporales,unclassified_Pleosporales,unclassified_Pleosporales,unclassified_Pleosporales,0,197,0,18,0,0,17,17,4,0,0,0,0,49,0,0,0,0,0,0,0,0,0,0,33,373,0,37,0,0,0,0,0,0,0,0,0,0,0,0,0,0,0,0,0,0,0,0,0,26,0,58,0,163,69,214,0,0,0,0,0,0,0,0,0,0,0
Ascomycota,Dothideomycetes,Pleosporales,unidentified,Ochrocladosporium,Ochrocladosporium_frigidarii,0,0,0,0,0,0,0,0,0,0,0,0,0,0,0,0,0,0,0,0,0,0,0,0,0,0,8,0,0,0,0,0,0,0,0,0,0,0,82,0,0,0,0,0,0,0,0,0,0,0,0,0,0,0,0,0,0,0,0,0,0,0,0,0,14,0,0
Ascomycota,Dothideomycetes,Venturiales,Sympoventuriaceae,unclassified_Sympoventuriaceae,unclassified_Sympoventuriaceae,0,0,0,0,0,0,0,0,0,0,0,0,0,0,0,0,0,0,0,0,0,0,0,0,0,8,0,0,0,0,0,0,0,0,0,0,0,0,0,0,0,0,0,0,0,0,6,0,0,0,0,0,0,0,0,0,0,0,0,0,0,0,0,0,0,0,0
Ascomycota,Dothideomycetes,unclassified_Dothideomycetes,unclassified_Dothideomycetes,unclassified_Dothideomycetes,unclassified_Dothideomycetes,0,0,9,0,0,0,0,0,0,0,0,0,0,3,0,0,0,0,0,0,0,0,0,0,0,0,0,14,0,0,0,21,0,0,0,0,0,0,0,3,0,0,0,0,0,0,0,0,0,0,0,0,0,0,0,0,0,0,0,0,0,0,0,0,0,0,0
Ascomycota,Dothideomycetes,unidentified,Gloniaceae,Pseudocenococcum,Pseudocenococcum_floridanum,0,0,0,0,0,0,0,0,0,0,0,0,0,0,0,0,0,0,0,0,0,0,0,0,0,0,0,0,0,0,0,0,0,0,0,0,0,0,0,0,0,0,0,0,0,0,0,0,0,0,0,0,0,0,0,0,0,0,0,0,0,0,0,0,34,0,0
Ascomycota,Dothideomycetes,unidentified,unidentified,Tumularia,Tumularia_aquatica,0,0,0,0,0,0,0,0,0,0,0,0,0,0,0,0,0,0,0,0,0,0,0,0,0,0,0,0,0,0,0,0,0,0,0,0,0,0,0,0,0,0,0,0,0,0,0,0,0,0,0,0,0,51,0,0,0,0,0,0,0,0,0,0,0,0,0
Ascomycota,Eurotiomycetes,Chaetothyriales,Cyphellophoraceae,Cyphellophora,Cyphellophora_reptans,0,0,0,0,0,0,0,0,0,0,0,0,0,0,0,0,0,0,0,0,0,0,0,0,0,0,0,0,0,0,0,0,0,0,0,0,0,0,6,0,0,0,0,0,0,0,0,0,0,0,0,0,0,0,0,0,0,0,0,0,0,0,0,0,0,0,0
Ascomycota,Eurotiomycetes,Chaetothyriales,Herpotrichiellaceae,Capronia,Capronia_capucina,0,0,0,0,0,0,0,17,0,0,0,0,0,0,0,0,0,0,0,0,0,0,0,0,0,0,25,0,0,0,0,0,0,0,0,0,57,0,0,0,165,5,0,0,0,0,0,0,0,0,0,0,0,0,0,0,0,0,17,0,0,0,0,0,0,0,0
Ascomycota,Eurotiomycetes,Chaetothyriales,Herpotrichiellaceae,Veronaea,unidentified,0,0,0,9,0,0,0,0,0,0,0,0,0,0,0,0,0,0,0,0,0,0,0,0,0,0,0,0,0,0,0,0,0,0,0,0,0,0,0,0,0,0,0,0,0,0,0,0,0,0,0,0,0,0,0,0,0,0,0,0,0,0,0,0,0,0,0
Ascomycota,Eurotiomycetes,Chaetothyriales,Herpotrichiellaceae,unclassified_Herpotrichiellaceae,unclassified_Herpotrichiellaceae,0,0,0,0,0,14,0,0,0,0,0,0,0,0,0,54,0,0,13,0,1,0,18,26,0,0,0,10,0,0,0,0,0,0,0,0,0,0,0,0,0,0,0,0,0,0,0,0,0,0,0,0,0,0,0,0,0,0,0,0,0,0,0,0,0,0,0
Ascomycota,Eurotiomycetes,Chaetothyriales,Herpotrichiellaceae,unidentified,unidentified,31,0,0,0,0,0,0,112,11,0,0,0,0,0,0,0,0,0,0,0,0,0,0,0,21,182,167,40,0,0,0,0,0,0,0,0,74,0,185,99,291,4,0,0,0,0,0,0,0,0,0,0,3,0,0,0,0,0,0,0,0,0,0,0,3,0,0
Ascomycota,Eurotiomycetes,Chaetothyriales,Trichomeriaceae,Knufia,Knufia_karalitana,0,0,0,0,0,0,0,0,0,0,0,0,0,0,0,17,0,0,0,0,0,0,0,0,0,0,0,0,0,0,0,0,0,0,0,0,0,0,0,0,0,0,0,0,0,0,0,0,0,0,0,0,0,0,0,0,0,0,0,0,0,0,0,0,0,0,0
Ascomycota,Eurotiomycetes,Eurotiales,Aspergillaceae,Aspergillus,Aspergillus_clavatophorus,0,0,0,0,0,0,1,0,0,0,0,0,0,7,0,65,71,0,6,2147,0,0,0,0,0,0,0,0,6,0,0,0,0,0,0,0,0,0,0,6,4,13,0,0,0,0,3,0,0,0,3,2,0,0,0,0,15,0,0,3,0,0,0,0,11,0,9
Ascomycota,Eurotiomycetes,Eurotiales,Aspergillaceae,Aspergillus,Aspergillus_glabripes,0,0,0,4,0,0,0,0,0,0,0,0,0,0,0,0,0,0,0,0,0,0,0,0,0,0,0,0,0,0,0,0,0,0,0,0,0,0,0,0,0,0,0,0,0,0,0,0,0,0,0,0,0,0,0,0,0,0,0,0,0,0,0,0,0,0,0
Ascomycota,Eurotiomycetes,Eurotiales,Aspergillaceae,Aspergillus,Aspergillus_halophilicus,0,0,0,0,0,0,0,0,0,0,0,0,0,0,0,0,7,0,0,0,0,0,0,0,0,0,0,0,0,0,0,0,0,0,0,0,0,0,0,0,0,0,0,0,0,0,0,0,0,0,0,0,0,0,0,0,0,0,0,0,0,0,0,0,0,0,0
Ascomycota,Eurotiomycetes,Eurotiales,Aspergillaceae,Aspergillus,Aspergillus_oryzae,0,0,0,0,0,0,0,0,0,0,0,0,0,0,0,0,0,0,0,0,0,0,0,0,0,0,0,0,5,0,0,0,0,0,0,0,0,0,0,0,0,0,0,0,0,0,0,0,0,0,0,0,0,0,0,0,0,0,0,0,0,0,0,0,0,0,0
Ascomycota,Eurotiomycetes,Eurotiales,Aspergillaceae,Aspergillus,Aspergillus_pseudoterreus,0,0,0,0,0,0,0,0,0,0,0,0,0,0,0,0,0,0,0,0,0,0,0,0,0,0,0,0,11,0,0,0,0,0,0,0,0,0,0,0,0,0,0,0,0,0,0,0,0,0,0,0,0,0,0,0,0,0,0,0,0,0,0,0,0,0,0
Ascomycota,Eurotiomycetes,Eurotiales,Aspergillaceae,Aspergillus,Aspergillus_reticulatus,0,0,0,0,0,0,0,0,0,0,0,0,0,0,0,0,0,0,0,77,0,0,0,0,8,0,0,0,0,0,0,0,0,0,0,0,0,0,0,0,0,0,0,0,0,0,0,0,0,0,0,0,0,0,0,0,0,0,0,0,0,0,0,0,0,0,0
Ascomycota,Eurotiomycetes,Eurotiales,Aspergillaceae,Aspergillus,Aspergillus_tardicrescens,0,0,0,0,0,0,0,0,0,0,0,0,0,0,0,0,0,0,5,137,0,0,0,0,0,0,28,0,0,35,0,0,0,0,0,0,0,0,0,0,0,0,0,0,0,0,0,0,0,0,0,0,0,0,0,0,0,0,0,0,0,0,0,0,0,0,0
Ascomycota,Eurotiomycetes,Eurotiales,Aspergillaceae,Aspergillus,unclassified_Aspergillus,0,0,0,0,0,0,0,0,0,0,0,0,0,0,0,8,24,0,62,547,0,0,0,0,36,35,367,0,439,438,217,0,0,0,0,0,19,0,0,0,0,4,0,96,3,0,0,0,0,0,0,0,0,0,10,7,0,0,0,0,0,0,0,0,0,0,0
Ascomycota,Eurotiomycetes,Eurotiales,Aspergillaceae,Penicillium,Penicillium_bialowiezense,0,0,0,4,0,0,0,0,0,0,0,0,0,0,0,0,0,0,0,0,0,0,0,0,0,0,0,0,0,0,0,0,0,0,0,0,0,0,0,0,0,0,0,0,0,0,0,0,0,0,0,0,0,0,0,0,0,0,0,0,0,0,0,0,0,0,0
Ascomycota,Eurotiomycetes,Eurotiales,Aspergillaceae,Penicillium,unclassified_Penicillium,0,12,0,0,0,0,0,0,0,0,0,0,0,0,0,0,0,0,0,0,0,0,0,0,0,0,0,0,0,0,0,0,0,0,0,0,0,0,0,0,0,0,0,0,0,0,0,0,0,0,0,0,0,0,0,0,0,0,0,0,0,0,0,0,0,0,0
Ascomycota,Eurotiomycetes,Eurotiales,Aspergillaceae,unclassified_Aspergillaceae,unclassified_Aspergillaceae,0,0,0,0,0,0,0,0,0,0,0,0,0,0,0,0,3,0,0,0,0,0,0,0,0,0,0,0,5,0,0,0,0,0,0,0,0,0,0,0,0,0,0,0,0,0,0,0,0,0,0,0,0,0,0,0,0,0,0,0,0,0,0,0,0,0,0
Ascomycota,Eurotiomycetes,Eurotiales,Trichocomaceae,Talaromyces,Talaromyces_columbinus,0,0,0,0,0,0,0,0,0,0,0,0,0,0,0,0,0,0,0,0,0,0,0,0,5,0,0,0,0,0,0,0,0,0,0,0,0,0,0,0,0,0,0,0,0,0,0,0,0,0,0,0,0,0,0,0,0,0,0,0,0,0,0,0,0,0,0
Ascomycota,Eurotiomycetes,Eurotiales,Trichocomaceae,Talaromyces,Talaromyces_stollii,0,0,6,11,0,0,0,0,0,10,15,0,0,0,0,0,0,0,0,0,0,0,0,9,0,0,0,0,0,0,0,0,0,3090,15,3246,0,0,0,0,0,0,0,0,0,0,0,0,0,0,0,0,0,0,0,0,0,26,0,3,0,0,19,17,6,10,0
Ascomycota,Eurotiomycetes,Eurotiales,Trichocomaceae,Talaromyces,Talaromyces_variabilis,0,0,0,0,0,0,0,0,0,0,0,0,0,0,0,0,0,0,0,0,0,0,0,0,0,0,0,0,0,0,0,0,0,0,0,0,0,0,0,0,4,0,0,0,0,0,0,0,0,0,0,0,0,0,0,0,0,0,0,0,0,0,0,0,0,0,0
Ascomycota,Eurotiomycetes,Eurotiales,Trichocomaceae,Thermomyces,Thermomyces_lanuginosus,0,0,0,0,0,0,0,0,0,0,0,0,3,0,0,33,38,0,43,168,40,0,0,0,61,0,0,0,122,68,11,0,0,0,0,0,0,0,0,0,0,0,0,0,0,0,0,0,0,0,0,0,0,0,0,0,0,0,0,0,0,0,0,0,0,0,0
Ascomycota,Eurotiomycetes,Eurotiales,Trichocomaceae,Thermomyces,unclassified_Thermomyces,0,0,0,0,0,0,0,0,0,0,0,0,0,0,0,0,0,0,0,0,0,0,0,0,0,7,62,0,0,0,0,0,0,0,0,0,0,0,0,0,0,0,0,0,0,0,0,0,0,0,0,0,0,0,0,0,0,0,0,0,0,0,0,0,0,0,0
Ascomycota,Eurotiomycetes,Onygenales,Onygenales_fam_Incertae_sedis,Malbranchea,Malbranchea_sclerotica,0,0,0,0,0,0,0,0,0,0,0,0,0,0,0,0,0,0,0,0,0,0,0,0,0,0,0,0,3,0,0,0,0,0,0,0,0,0,0,0,0,0,0,0,0,0,0,0,0,0,0,0,0,0,0,0,0,0,0,0,0,0,0,0,0,0,0
Ascomycota,Eurotiomycetes,Onygenales,unclassified_Onygenales,unclassified_Onygenales,unclassified_Onygenales,0,0,0,0,0,0,0,0,0,0,0,0,0,0,0,0,0,0,0,0,0,0,0,0,0,0,3,0,0,14,0,0,0,0,0,0,0,0,0,0,0,0,0,0,0,0,0,0,0,0,0,0,0,0,0,0,0,0,0,0,0,0,0,0,0,0,0
Ascomycota,Eurotiomycetes,unclassified_Eurotiomycetes,unclassified_Eurotiomycetes,unclassified_Eurotiomycetes,unclassified_Eurotiomycetes,0,0,0,0,0,0,0,0,0,0,0,0,0,0,0,0,0,0,5,6,0,0,0,0,0,0,0,0,0,0,0,0,0,0,0,0,0,0,0,0,0,0,0,0,0,0,0,0,0,0,0,0,0,0,0,0,0,0,0,0,0,0,0,0,0,0,0
Ascomycota,Laboulbeniomycetes,Pyxidiophorales,Pyxidiophoraceae,Pyxidiophora,Pyxidiophora_arvernensis,0,0,0,0,0,0,0,0,0,0,0,0,0,0,0,0,0,0,0,0,0,0,0,0,14,0,0,0,0,0,0,0,0,0,0,0,0,0,0,0,0,0,0,0,0,0,0,0,0,0,0,0,0,0,0,0,0,0,0,0,0,0,0,0,0,0,0
Ascomycota,Lecanoromycetes,Ostropales,Stictidaceae,Cyanodermella,Cyanodermella_oleoligni,0,0,0,0,0,0,0,0,0,0,0,0,0,0,0,0,0,0,0,0,0,0,0,0,0,0,0,0,0,0,0,0,0,0,0,0,4,0,0,0,0,0,0,0,0,0,0,0,0,0,0,0,0,0,0,0,0,0,0,0,0,0,0,0,0,0,0
Ascomycota,Leotiomycetes,Helotiales,Chaetomellaceae,Sphaerographium,Sphaerographium_nyssicola,0,0,0,0,0,0,0,0,0,0,0,0,0,0,0,0,0,0,0,0,0,0,0,0,0,45,0,0,0,0,0,0,0,0,0,0,0,0,0,0,0,0,0,0,0,0,0,0,0,0,0,0,0,0,0,0,0,0,0,0,0,0,0,0,0,3,0
Ascomycota,Leotiomycetes,Helotiales,Dermateaceae,Coleophoma,Coleophoma_coptospermatis,0,0,6,0,0,0,0,0,0,0,0,0,0,0,0,0,0,0,0,0,0,0,0,0,0,0,0,0,0,0,0,0,0,0,0,0,0,0,0,0,0,0,0,0,0,0,0,0,0,0,0,0,0,0,0,0,0,0,0,0,0,0,0,0,0,0,0
Ascomycota,Leotiomycetes,Helotiales,Dermateaceae,Coleophoma,unclassified_Coleophoma,0,0,0,0,0,0,0,0,0,0,0,0,4,0,0,0,0,0,0,0,3,0,0,0,0,0,0,0,0,0,0,0,0,0,0,0,0,0,0,0,0,0,0,84,0,0,0,5,0,0,0,0,0,0,0,0,0,0,0,0,86,0,0,0,0,0,3
Ascomycota,Leotiomycetes,Helotiales,Dermateaceae,Mollisia,Mollisia_cinerea,0,0,0,0,0,0,0,0,0,0,0,0,0,0,0,0,0,0,0,0,0,0,0,0,0,0,0,0,0,0,0,0,0,0,0,0,0,0,0,0,0,0,0,0,0,0,0,0,0,0,29,0,171,0,0,0,0,0,0,0,0,0,0,0,0,0,0
Ascomycota,Leotiomycetes,Helotiales,Dermateaceae,Pezicula,Pezicula_ericae,0,0,0,0,0,0,0,0,0,0,0,0,0,0,0,0,0,0,0,0,0,0,0,48,0,0,41,0,0,0,0,0,0,0,0,0,0,0,0,0,0,0,0,0,0,0,0,0,0,0,0,0,0,0,0,0,0,0,0,0,0,0,0,0,0,0,0
Ascomycota,Leotiomycetes,Helotiales,Dermateaceae,Pezicula,unclassified_Pezicula,20,5,0,0,0,0,25,70,77,0,0,0,443,37,227,130,288,155,581,59,210,0,50,0,60,0,162,43,54,4,0,0,25,0,0,0,205,167,34,178,138,0,54,74,32,0,0,0,3,4,0,0,0,0,0,0,0,0,0,0,0,0,0,0,0,0,0
Ascomycota,Leotiomycetes,Helotiales,Dermateaceae,Pyrenopeziza,Pyrenopeziza_revincta,0,0,0,0,0,0,0,0,0,0,0,9,0,0,0,0,0,0,0,0,0,0,0,0,0,0,0,0,0,0,0,0,0,0,0,0,0,0,0,0,0,0,0,0,0,0,0,0,0,0,0,0,0,0,0,0,0,0,0,0,0,0,0,0,0,0,0
Ascomycota,Leotiomycetes,Helotiales,Dermateaceae,Rhizodermea,Rhizodermea_veluwensis,0,0,0,0,0,0,0,0,0,0,0,0,0,0,0,0,0,0,0,0,0,0,0,7,0,0,0,0,0,0,0,0,0,11,0,0,0,0,0,0,0,0,0,0,0,0,0,0,0,0,0,0,0,0,0,0,0,0,0,0,0,0,7,0,0,0,0
Ascomycota,Leotiomycetes,Helotiales,Dermateaceae,unclassified_Dermateaceae,unclassified_Dermateaceae,0,0,0,0,32,85,0,0,187,0,0,0,0,0,0,0,9,0,0,0,0,0,0,0,0,71,0,53,0,0,0,5,92,0,0,0,0,0,0,0,0,0,0,0,5,0,0,0,0,0,0,0,0,5,0,0,0,0,0,0,220,56,0,0,0,4,0
Ascomycota,Leotiomycetes,Helotiales,Helotiaceae,Bisporella,unidentified,0,0,0,0,0,0,0,0,0,0,0,0,0,0,0,0,0,0,0,0,0,0,0,0,0,0,0,0,0,0,0,0,0,0,0,0,0,0,0,0,0,0,0,0,0,0,0,0,0,0,0,0,0,0,0,0,0,0,0,0,0,0,0,0,5,0,0
Ascomycota,Leotiomycetes,Helotiales,Helotiaceae,Filosporella,Filosporella_exilis,0,23,0,0,8,0,0,0,0,0,0,0,0,0,0,0,0,0,0,0,0,0,0,0,37,87,0,16,0,0,8,0,0,0,0,0,0,0,0,0,0,0,0,0,0,0,0,0,32,0,0,0,0,16,0,0,0,0,0,0,0,0,0,0,0,0,0
Ascomycota,Leotiomycetes,Helotiales,Helotiaceae,Filosporella,unclassified_Filosporella,0,0,0,0,0,0,0,0,0,0,0,0,0,0,0,0,0,0,0,0,0,0,0,0,0,0,0,0,0,0,0,0,0,0,0,0,0,0,0,0,0,0,0,0,0,0,0,0,0,0,0,0,0,0,0,0,0,8,0,0,0,0,0,0,0,0,0
Ascomycota,Leotiomycetes,Helotiales,Helotiaceae,Hymenoscyphus,Hymenoscyphus_caudatus,0,0,0,0,0,0,0,0,0,0,0,0,0,0,0,0,0,0,0,0,0,0,0,0,0,0,0,0,0,0,0,0,0,0,0,0,0,0,0,0,0,0,0,0,0,0,0,0,0,0,0,0,0,0,0,0,0,0,11,0,0,0,0,0,0,0,0
Ascomycota,Leotiomycetes,Helotiales,Helotiaceae,Hymenoscyphus,Hymenoscyphus_menthae,0,0,0,0,0,0,0,0,0,0,0,0,0,0,0,0,0,0,0,0,0,0,0,0,0,0,0,0,0,0,0,0,0,0,0,0,0,0,0,0,0,0,0,0,0,0,0,0,0,0,0,0,0,48,0,0,0,0,0,0,0,0,0,0,0,0,0
Ascomycota,Leotiomycetes,Helotiales,Helotiaceae,Meliniomyces,Meliniomyces_variabilis,0,0,0,0,0,0,0,0,0,152,1234,562,0,0,0,0,0,0,0,0,0,244,668,807,0,0,0,0,0,0,0,0,0,60,84,0,0,0,0,0,0,0,0,0,0,274,317,362,0,0,0,0,0,0,0,0,0,0,0,0,98,241,306,53,210,246,27
Ascomycota,Leotiomycetes,Helotiales,Helotiaceae,Meliniomyces,Meliniomyces_vraolstadiae,0,0,0,0,0,0,0,0,0,0,0,0,0,0,0,0,0,0,0,0,0,0,0,0,0,0,0,0,0,0,0,0,0,0,0,0,0,0,0,0,0,0,0,0,0,0,0,0,0,0,0,0,0,0,0,0,0,0,0,0,0,0,0,0,67,0,0
Ascomycota,Leotiomycetes,Helotiales,Helotiaceae,Rhizoscyphus,Rhizoscyphus_monotropae,0,0,0,0,0,0,0,0,0,0,0,0,0,0,0,0,0,0,0,0,0,0,0,0,0,0,0,0,0,0,0,0,0,0,0,0,0,0,0,0,0,0,0,0,0,0,0,0,0,0,0,0,0,0,0,0,0,0,0,0,351,0,3,0,0,0,0
Ascomycota,Leotiomycetes,Helotiales,Helotiaceae,unclassified_Helotiaceae,unclassified_Helotiaceae,0,0,0,0,0,0,0,0,0,0,0,0,0,0,0,0,0,0,0,0,0,0,0,0,0,0,0,0,0,0,0,0,0,0,0,0,0,0,0,0,0,0,0,0,0,0,0,0,0,0,0,17,0,0,0,0,0,0,0,0,0,0,0,0,0,0,0
Ascomycota,Leotiomycetes,Helotiales,Helotiales_fam_Incertae_sedis,Acidomelania,Acidomelania_panicicola,0,0,0,0,0,0,0,0,0,0,0,0,0,0,0,0,0,0,0,0,0,0,0,0,0,0,0,0,0,0,0,0,0,0,0,0,0,0,0,0,0,0,0,0,0,0,0,0,0,0,0,0,0,0,0,0,0,0,0,0,0,0,0,0,0,0,103
Ascomycota,Leotiomycetes,Helotiales,Hyaloscyphaceae,Arachnopeziza,Arachnopeziza_aurata,0,0,0,0,0,0,0,0,0,5,0,33,0,0,0,0,0,0,0,0,0,0,0,0,0,0,0,0,0,0,0,0,0,0,0,0,0,0,0,0,0,0,0,0,0,0,0,0,0,0,0,0,0,0,0,0,0,0,0,0,3,15,0,0,0,0,0
Ascomycota,Leotiomycetes,Helotiales,Hyaloscyphaceae,Arachnopeziza,unclassified_Arachnopeziza,0,0,0,0,0,0,0,0,0,0,0,0,0,0,0,0,0,0,0,0,0,0,0,35,0,0,0,0,0,0,0,0,0,0,0,0,0,0,0,0,0,0,0,0,0,0,0,0,0,0,0,0,0,0,0,0,0,0,0,0,0,0,0,0,0,0,0
Ascomycota,Leotiomycetes,Helotiales,Hyaloscyphaceae,Catenulifera,unidentified,0,0,0,0,0,0,0,0,0,0,0,0,0,0,0,0,0,0,0,0,0,0,0,0,0,0,0,0,0,0,0,0,0,0,0,0,0,0,0,0,0,0,0,0,0,0,0,0,0,0,0,0,0,0,0,0,0,0,0,0,0,0,0,0,0,3,0
Ascomycota,Leotiomycetes,Helotiales,Hyaloscyphaceae,Clathrosphaerina,Clathrosphaerina_zalewskii,0,0,0,0,0,0,0,0,0,0,0,0,0,0,0,0,0,0,0,0,0,0,0,0,0,0,0,0,0,0,0,0,0,0,0,0,0,0,0,0,0,0,0,0,0,0,0,0,0,0,0,0,0,0,0,0,0,0,26,0,0,0,0,0,0,0,0
Ascomycota,Leotiomycetes,Helotiales,Hyaloscyphaceae,Gyoerffyella,Gyoerffyella_entomobryoides,0,24,4,385,18,0,0,0,0,0,0,0,0,0,0,0,0,0,0,0,0,0,0,0,0,0,0,0,0,0,0,0,0,0,0,0,0,0,0,0,0,0,0,0,0,0,0,0,0,29,0,295,0,177,56,0,0,0,0,0,0,0,0,6,0,0,0
Ascomycota,Leotiomycetes,Helotiales,Hyaloscyphaceae,Gyoerffyella,unclassified_Gyoerffyella,0,0,0,0,0,0,0,0,0,0,0,0,0,0,0,0,0,0,0,0,0,0,0,0,0,0,0,0,0,0,0,0,0,0,0,0,0,0,0,0,0,0,0,0,0,0,0,0,44,0,3,0,0,0,0,0,0,0,0,0,0,0,0,0,0,0,77
Ascomycota,Leotiomycetes,Helotiales,Hyaloscyphaceae,Hyaloscypha,Hyaloscypha_finlandica,222,0,0,0,0,0,0,0,0,0,0,0,0,0,0,0,0,0,0,0,0,0,0,0,0,209,0,0,0,0,0,0,0,0,0,0,0,0,0,0,0,0,0,0,0,0,0,0,0,0,0,0,0,0,5,0,0,0,0,0,0,0,0,0,0,0,0
Ascomycota,Leotiomycetes,Helotiales,Hyaloscyphaceae,Hyaloscypha,unclassified_Hyaloscypha,117,316,265,210,1037,358,0,307,247,0,0,0,275,444,134,380,559,504,278,565,737,0,0,0,673,0,492,81,210,111,27,140,0,0,0,0,311,80,345,259,721,154,454,881,177,0,0,0,266,171,268,375,291,160,550,316,105,0,0,0,0,0,0,0,0,0,0
Ascomycota,Leotiomycetes,Helotiales,Hyaloscyphaceae,Lachnum,Lachnum_virgineum,0,0,0,21,0,0,0,0,0,0,0,6,0,0,0,0,4,0,0,0,0,0,0,0,5,64,9,21,0,0,0,44,5,0,0,0,0,4,0,0,43,0,171,25,0,0,0,0,281,0,0,0,0,0,0,0,0,129,396,0,0,0,0,0,0,6,0
Ascomycota,Leotiomycetes,Helotiales,Hyaloscyphaceae,Microscypha,unidentified,0,0,0,0,0,0,0,0,0,0,0,0,0,0,0,0,0,0,0,0,0,0,0,0,0,0,0,0,0,0,0,0,0,0,0,0,0,0,0,0,0,0,0,0,0,0,0,0,0,0,0,0,0,0,0,0,0,0,21,0,0,0,0,0,0,0,0
Ascomycota,Leotiomycetes,Helotiales,Hyaloscyphaceae,unclassified_Hyaloscyphaceae,unclassified_Hyaloscyphaceae,0,0,0,0,0,0,127,0,0,0,39,0,0,0,31,397,0,0,386,0,0,0,0,0,0,0,0,0,0,0,0,0,340,0,0,0,0,254,0,0,0,0,105,82,0,0,0,0,0,0,0,0,0,0,0,0,0,0,0,15,0,0,0,0,0,0,0
Ascomycota,Leotiomycetes,Helotiales,Leotiaceae,Alatospora,Alatospora_acuminata,0,0,0,0,0,0,0,0,0,0,0,0,0,0,0,0,0,0,0,0,0,0,0,0,24,0,0,0,3,0,0,0,0,0,0,0,0,0,0,0,0,0,0,0,0,0,0,0,0,0,0,0,0,0,0,0,0,0,0,0,0,0,0,0,0,0,0
Ascomycota,Leotiomycetes,Helotiales,Leotiaceae,Pezoloma,Pezoloma_ciliifera,151,349,3,23,376,8,205,156,0,0,0,0,0,154,3,0,25,0,0,7,0,0,0,0,0,3,58,0,0,234,49,47,7,0,0,0,0,18,0,0,0,0,0,11,0,3,0,3,190,94,49,464,86,69,412,189,0,223,28,0,0,0,0,0,0,0,3
Ascomycota,Leotiomycetes,Helotiales,Leotiaceae,Pezoloma,Pezoloma_ericae,0,0,0,0,0,0,0,0,0,0,0,0,0,0,0,0,0,0,0,0,0,0,0,0,181,0,0,0,0,0,0,0,36,0,0,0,0,0,0,0,0,0,0,0,0,0,0,0,0,0,0,0,0,0,0,0,0,0,0,0,0,0,0,0,0,0,0
Ascomycota,Leotiomycetes,Helotiales,Mollisiaceae,Neomollisia,Neomollisia_gelatinosa,0,0,0,0,0,0,0,0,0,0,0,0,0,0,0,0,0,0,0,0,0,0,0,0,0,0,0,0,0,0,0,0,0,0,0,0,0,0,0,0,0,0,0,0,0,0,0,0,0,0,0,0,0,0,0,0,0,0,0,0,0,0,0,12,0,0,0
Ascomycota,Leotiomycetes,Helotiales,Mollisiaceae,Phialocephala,Phialocephala_fortinii,0,0,0,0,0,0,0,0,0,0,0,0,35,0,131,0,9,31,218,7,0,0,0,0,0,0,0,0,0,0,0,0,0,0,0,0,0,0,0,0,0,0,0,0,0,0,0,0,0,0,0,0,0,0,0,0,0,0,0,0,0,0,0,0,0,0,0
Ascomycota,Leotiomycetes,Helotiales,Mollisiaceae,Phialocephala,Phialocephala_scopiformis,0,0,3,54,0,0,0,0,0,0,0,0,0,0,0,0,0,0,0,0,0,0,0,0,0,0,0,0,0,0,0,0,0,0,0,0,0,0,0,0,0,0,0,0,0,18,0,0,0,0,19,0,0,0,0,0,0,0,11,0,0,0,0,0,7,0,0
Ascomycota,Leotiomycetes,Helotiales,Mollisiaceae,Phialocephala,unclassified_Phialocephala,0,8,0,0,0,0,0,0,0,0,0,0,0,0,0,0,0,0,0,0,0,0,0,0,0,0,0,0,0,0,0,0,0,0,0,0,0,0,0,0,0,0,0,0,0,0,0,0,90,0,0,0,0,158,0,0,0,0,0,0,0,82,83,0,0,0,0
Ascomycota,Leotiomycetes,Helotiales,Mollisiaceae,unclassified_Mollisiaceae,unclassified_Mollisiaceae,0,0,0,0,0,0,16,4,3,0,0,0,0,6,0,0,0,0,0,0,0,0,0,161,0,0,0,0,0,0,0,0,0,0,0,0,0,0,0,0,0,0,0,0,0,0,0,0,0,0,0,13,0,0,0,0,0,33,0,0,0,0,249,34,0,0,0
Ascomycota,Leotiomycetes,Helotiales,unclassified_Helotiales,unclassified_Helotiales,unclassified_Helotiales,44,252,19,524,262,124,613,442,194,63,0,0,5,150,39,25,972,154,62,13,147,8,167,63,230,143,509,423,242,14,544,564,420,0,59,0,299,605,3,457,11,94,0,90,197,232,28,3,170,65,31,49,40,321,569,0,12,72,318,734,253,3,333,153,106,288,0
Ascomycota,Leotiomycetes,Helotiales,unidentified,Cadophora,Cadophora_dextrinospora,0,0,0,0,0,0,0,0,0,0,0,0,0,0,0,0,0,0,0,3,0,0,0,0,14,15,3,0,0,0,0,5,0,0,0,0,0,0,0,0,64,0,0,0,0,0,0,0,0,0,0,0,0,141,27,0,0,0,0,0,0,0,0,0,0,0,0
Ascomycota,Leotiomycetes,Helotiales,unidentified,Cadophora,unclassified_Cadophora,0,0,0,0,0,0,0,0,0,0,0,0,0,0,0,0,0,0,0,0,0,0,0,0,0,0,0,0,0,0,0,0,0,0,0,0,0,0,0,0,0,0,0,0,0,0,0,0,3,0,0,0,0,0,0,0,0,0,0,0,0,0,0,0,0,0,0
Ascomycota,Leotiomycetes,Helotiales,unidentified,Spirosphaera,Spirosphaera_floriformis,0,0,0,0,0,0,0,0,0,0,0,0,0,0,0,0,0,0,0,0,0,0,0,0,0,0,0,0,0,0,0,0,0,0,0,0,0,0,0,0,0,0,0,0,0,0,0,0,0,0,0,0,0,7,0,0,0,0,0,0,0,0,0,0,0,0,0
Ascomycota,Leotiomycetes,Helotiales,unidentified,unclassified_unidentified,unclassified_unidentified,0,0,0,0,0,0,0,0,0,0,0,0,0,0,0,0,0,0,0,0,0,0,0,0,0,0,5,0,0,0,0,0,0,0,0,0,0,0,0,0,0,0,0,0,0,9,0,0,0,0,0,0,0,0,0,0,0,0,0,0,0,4,0,0,0,0,0
Ascomycota,Leotiomycetes,Helotiales,unidentified,unidentified,unclassified_unidentified,0,0,0,0,0,0,0,0,0,0,0,0,0,0,0,0,0,0,0,0,0,0,0,0,0,0,0,0,0,0,0,0,0,0,0,0,0,0,0,0,0,0,0,0,0,0,0,0,0,0,0,0,0,0,0,0,0,0,0,0,0,23,0,0,0,0,0
Ascomycota,Leotiomycetes,Helotiales,unidentified,unidentified,unidentified,0,0,0,0,0,0,0,0,0,0,0,0,0,0,0,0,0,0,0,0,0,0,0,0,0,0,0,0,0,0,0,0,0,0,0,0,0,0,0,0,28,0,0,0,0,0,0,0,0,0,0,0,0,0,0,0,0,0,0,0,0,0,0,0,0,0,0
Ascomycota,Leotiomycetes,Phacidiales,Phacidiaceae,unclassified_Phacidiaceae,unclassified_Phacidiaceae,0,0,0,0,0,0,0,0,0,0,0,0,0,0,0,0,0,0,0,0,0,0,0,0,0,0,0,28,0,0,0,0,0,0,0,0,0,0,0,0,0,0,0,0,0,0,0,0,0,0,0,0,0,0,0,0,0,0,0,0,0,0,0,0,0,0,0
Ascomycota,Leotiomycetes,Phacidiales,unclassified_Phacidiales,unclassified_Phacidiales,unclassified_Phacidiales,0,0,0,0,0,0,0,0,0,0,0,0,0,0,0,0,0,0,0,0,0,0,0,0,0,0,0,0,0,0,9,0,0,0,0,0,0,0,0,0,0,0,0,0,0,0,0,0,0,0,0,0,0,0,0,0,0,0,0,0,0,0,0,0,0,0,0
Ascomycota,Leotiomycetes,Rhytismatales,Rhytismataceae,Colpoma,unidentified,0,0,0,3,0,0,0,12,0,322,0,0,227,91,136,208,22,120,342,156,256,0,0,0,6,6,8,604,0,0,0,0,0,0,0,6,0,0,3,0,295,0,429,305,320,428,666,284,0,9,0,0,75,5,8,0,0,0,248,1390,0,116,0,0,0,0,3
Ascomycota,Leotiomycetes,unclassified_Leotiomycetes,unclassified_Leotiomycetes,unclassified_Leotiomycetes,unclassified_Leotiomycetes,83,0,0,5,0,0,0,0,0,132,26,0,0,0,0,20,0,0,0,0,581,0,61,0,111,98,107,255,5,0,121,4,0,36,0,0,19,4,0,0,0,0,0,0,7,0,0,9,0,0,3,0,0,0,0,0,0,61,0,0,0,129,0,0,3,51,0
Ascomycota,Leotiomycetes,unidentified,Myxotrichaceae,Oidiodendron,Oidiodendron_citrinum,0,16,0,0,23,0,0,0,13,0,0,0,22,25,4,43,0,0,125,0,54,87,73,50,183,186,64,65,0,0,0,28,0,0,0,0,0,15,13,13,0,0,30,0,0,41,74,183,182,214,235,111,0,237,98,41,0,0,12,52,0,0,0,0,88,13,0
Ascomycota,Leotiomycetes,unidentified,unidentified,Scytalidium,Scytalidium_vaccinii,0,0,0,0,0,0,0,0,0,0,0,0,180,172,457,251,164,301,242,177,170,0,0,0,18,0,0,362,21,0,215,44,128,73,0,0,75,464,312,17,207,0,305,117,51,0,0,0,1385,82,491,3,6,9,7,0,0,0,0,0,0,22,0,0,0,0,0
Ascomycota,Leotiomycetes,unidentified,unidentified,unidentified,Leotiomycetes_sp,0,0,0,0,0,0,0,0,0,0,0,0,0,0,0,0,0,0,0,0,0,0,0,0,0,0,0,0,0,0,0,0,0,0,0,0,0,0,0,0,0,0,0,0,0,0,0,0,0,0,0,0,0,0,0,0,0,0,0,0,0,0,0,0,0,13,0
Ascomycota,Pezizomycetes,Pezizales,Pezizaceae,Iodophanus,unidentified,0,0,0,0,0,0,0,0,0,0,0,0,0,0,0,0,0,0,0,0,0,0,0,0,0,0,0,0,0,0,0,0,0,4,0,0,0,0,0,0,0,0,0,0,0,0,0,0,0,0,0,0,0,0,0,0,0,0,0,0,0,0,0,0,0,0,0
Ascomycota,Pezizomycetes,Pezizales,Pezizaceae,Mattirolomyces,Mattirolomyces_spinosus,0,0,0,0,0,0,0,0,0,0,0,0,0,0,0,0,0,0,0,0,6,0,0,0,0,0,0,0,0,0,0,0,0,0,0,0,0,0,0,0,0,0,0,0,0,0,0,0,0,0,0,0,0,0,0,0,0,0,0,0,0,0,0,0,0,0,0
Ascomycota,Pezizomycetes,Pezizales,Pezizaceae,Peziza,Peziza_polaripapulata,0,0,0,0,0,0,0,0,0,0,0,0,0,0,0,0,0,0,0,0,12,0,0,0,0,0,0,0,0,0,0,0,0,0,0,0,0,0,0,0,0,0,0,0,0,0,0,0,0,0,0,0,0,0,0,0,0,0,0,0,0,0,0,0,0,0,0
Ascomycota,Pezizomycetes,Pezizales,Pyronemataceae,unclassified_Pyronemataceae,unclassified_Pyronemataceae,0,0,0,0,0,0,0,0,0,0,0,0,0,0,0,0,0,0,0,0,0,0,0,0,0,0,0,0,0,0,0,0,0,0,0,0,0,0,0,0,0,0,0,36,0,0,0,0,0,0,0,0,0,0,0,0,0,0,0,0,0,0,0,0,0,0,0
Ascomycota,Pezizomycetes,Pezizales,Pyronemataceae,unidentified,unidentified,0,0,0,0,0,0,0,0,0,0,0,0,0,0,0,0,0,0,0,0,0,0,0,0,0,0,0,0,0,0,0,0,0,0,0,0,0,0,43,8,160,0,0,0,0,0,0,0,0,0,0,0,0,0,0,0,0,0,0,0,0,0,0,0,0,0,0
Ascomycota,Pezizomycetes,Pezizales,Sarcosomataceae,Pseudoplectania,Pseudoplectania_episphagnum,0,0,0,0,0,0,0,0,0,0,0,0,0,0,0,0,0,0,0,0,0,0,0,0,0,0,0,0,0,0,0,0,0,3,0,0,0,0,0,0,0,0,0,0,0,0,0,0,0,0,0,0,0,0,0,0,0,0,0,0,0,0,0,0,0,0,0
Ascomycota,Pezizomycetes,Pezizales,unclassified_Pezizales,unclassified_Pezizales,unclassified_Pezizales,0,0,0,0,0,0,0,0,0,0,0,0,0,0,0,0,0,0,0,0,0,0,0,0,0,0,0,0,0,0,0,0,0,0,0,0,0,0,0,0,28,0,0,0,0,0,0,0,0,0,0,0,0,0,0,0,0,0,0,0,0,0,0,0,0,0,0
Ascomycota,Saccharomycetes,Saccharomycetales,Debaryomycetaceae,Candida,Candida_tropicalis,0,0,0,0,0,0,0,0,0,0,0,0,0,0,0,20,0,0,0,0,0,0,0,0,0,0,0,0,0,0,0,0,0,0,0,0,0,0,0,0,0,0,0,0,0,0,0,0,0,0,0,0,0,0,0,0,0,0,0,0,0,0,0,0,0,0,0
Ascomycota,Saccharomycetes,Saccharomycetales,Debaryomycetaceae,Candida,unclassified_Candida,0,0,0,0,0,0,0,0,0,0,0,0,0,0,0,0,0,0,0,0,0,0,0,0,0,0,0,0,0,0,0,0,0,0,0,0,0,0,0,0,0,0,0,0,0,0,0,0,0,0,0,0,0,0,0,0,0,4,0,0,0,0,0,0,0,0,0
Ascomycota,Saccharomycetes,Saccharomycetales,Debaryomycetaceae,Debaryomyces,unclassified_Debaryomyces,0,0,0,0,0,0,0,0,0,0,0,0,0,0,0,0,0,0,0,0,0,0,0,0,0,0,0,0,0,0,0,0,0,0,0,0,0,0,0,0,0,0,0,0,0,0,0,0,0,0,0,0,0,0,0,0,0,0,0,0,0,0,11,0,0,0,0
Ascomycota,Saccharomycetes,Saccharomycetales,Debaryomycetaceae,Hyphopichia,[Candida]_wangnamkhiaoensis,0,0,0,0,0,0,0,0,0,0,0,0,0,0,0,0,0,0,0,0,0,0,0,0,0,0,0,0,5,0,0,0,0,0,0,0,0,0,0,0,0,0,0,0,0,0,0,0,0,0,0,0,0,0,0,0,0,0,0,0,0,0,0,0,0,0,0
Ascomycota,Saccharomycetes,Saccharomycetales,Debaryomycetaceae,Meyerozyma,unclassified_Meyerozyma,0,0,0,0,0,0,0,0,7,0,0,0,0,0,0,0,0,0,0,0,0,0,0,0,0,0,0,0,0,0,0,0,0,0,0,0,0,0,0,11,0,0,0,0,0,0,0,0,0,0,0,0,0,0,0,0,0,0,0,0,0,0,0,0,0,0,0
Ascomycota,Saccharomycetes,Saccharomycetales,Phaffomycetaceae,Cyberlindnera,Cyberlindnera_fabianii,0,0,0,0,0,0,0,0,0,0,0,0,0,0,0,0,0,0,0,0,0,0,0,0,0,0,0,0,0,7,0,0,0,0,0,0,0,0,0,0,0,0,0,0,0,0,0,0,0,0,0,0,0,0,0,0,0,0,0,0,0,0,0,0,0,0,0
Ascomycota,Saccharomycetes,Saccharomycetales,Saccharomycetaceae,Saccharomyces,unclassified_Saccharomyces,0,0,0,0,0,0,0,0,0,0,0,0,0,0,0,0,0,0,10,0,0,0,0,0,0,0,0,0,0,0,0,0,0,0,0,0,0,0,0,0,0,0,0,0,0,0,0,0,0,0,0,0,0,0,0,0,0,0,0,0,0,0,0,0,0,0,0
Ascomycota,Saccharomycetes,Saccharomycetales,Saccharomycetaceae,Torulaspora,unclassified_Torulaspora,0,0,0,0,0,0,0,0,0,0,0,0,0,0,0,0,0,0,0,0,0,0,0,0,0,0,0,0,0,0,0,0,0,0,0,0,0,0,0,0,0,0,0,0,0,0,0,0,0,0,0,0,0,0,0,0,0,43,0,0,0,0,0,0,0,0,0
Ascomycota,Sordariomycetes,Chaetosphaeriales,Chaetosphaeriaceae,Codinaea,Codinaea_lambertiae,0,0,0,0,0,0,0,0,0,0,0,0,0,0,0,0,0,0,0,0,0,0,0,0,0,79,0,0,0,0,0,0,0,0,0,0,0,0,0,0,0,0,0,0,0,0,0,0,0,0,0,0,0,68,0,0,0,0,0,0,0,0,0,0,0,0,0
Ascomycota,Sordariomycetes,Diaporthales,Diaporthaceae,Diaporthe,unclassified_Diaporthe,0,0,0,0,0,0,0,0,0,0,3,0,0,0,0,0,0,0,0,0,0,0,0,0,0,0,6,0,0,0,0,0,0,0,0,0,0,0,0,0,0,0,0,0,0,0,0,0,0,0,0,0,0,0,0,0,0,0,0,0,0,0,0,0,0,0,0
Ascomycota,Sordariomycetes,Diaporthales,Valsaceae,Cytospora,Cytospora_brevispora,0,0,0,0,0,0,0,0,0,0,0,0,0,0,0,0,0,0,0,0,0,0,0,0,0,0,0,0,0,0,0,0,0,0,0,0,0,0,0,0,0,0,0,0,0,0,0,0,0,0,0,0,0,0,0,0,18,0,0,0,0,0,0,0,0,0,0
Ascomycota,Sordariomycetes,Hypocreales,Bionectriaceae,Clonostachys,Clonostachys_miodochialis,0,0,0,0,0,0,0,0,0,0,0,0,0,0,0,0,4,0,0,0,0,0,0,0,0,0,0,0,0,0,0,0,0,0,0,0,0,0,0,0,0,0,0,0,0,0,0,0,0,0,0,0,0,0,0,0,0,0,0,0,0,0,0,0,0,0,0
Ascomycota,Sordariomycetes,Hypocreales,Clavicipitaceae,Marquandomyces,Metarhizium_marquandii,0,0,0,0,0,0,0,0,0,0,0,0,0,0,0,0,0,0,0,0,0,0,0,0,0,0,0,0,8,0,0,0,0,0,0,0,0,0,0,0,0,0,0,0,0,0,0,0,0,0,0,0,0,0,0,0,0,0,0,0,0,0,0,0,0,0,0
Ascomycota,Sordariomycetes,Hypocreales,Cordycipitaceae,Simplicillium,unclassified_Simplicillium,0,0,0,0,0,0,0,0,0,0,0,0,0,0,0,0,0,0,0,0,0,0,0,0,0,0,0,0,0,0,14,0,0,0,0,0,0,0,0,0,0,0,0,0,0,0,0,0,0,0,0,0,0,0,0,0,0,0,0,0,0,0,0,0,0,0,0
Ascomycota,Sordariomycetes,Hypocreales,Hypocreaceae,Trichoderma,Trichoderma_strictipile,0,0,0,0,0,0,0,0,0,0,0,0,0,0,0,0,0,0,0,0,0,0,0,0,0,0,0,0,0,0,0,0,0,0,0,0,0,0,0,0,134,0,0,0,0,0,0,0,0,0,0,0,0,0,0,0,0,0,0,0,0,0,0,0,0,0,0
Ascomycota,Sordariomycetes,Hypocreales,Hypocreaceae,Trichoderma,unclassified_Trichoderma,0,0,0,0,0,0,4,0,0,0,0,0,21,7,20,0,0,0,19,27,0,0,0,0,19,10,36,0,208,308,0,4,5,0,0,0,203,27,14,24,20,26724,0,15,13,0,0,0,64,45,17,69,0,0,17,1,0,0,0,0,0,29,0,0,0,0,0
Ascomycota,Sordariomycetes,Hypocreales,Nectriaceae,Dactylonectria,Dactylonectria_estremocensis,0,0,0,0,0,0,0,0,0,0,0,0,0,0,0,0,0,0,0,0,0,0,0,0,0,0,0,0,0,0,0,0,0,0,0,0,0,0,0,0,0,0,0,0,0,0,0,0,0,0,0,0,0,0,0,0,0,0,0,0,0,0,0,0,132,0,0
Ascomycota,Sordariomycetes,Hypocreales,Nectriaceae,Fusarium,unclassified_Fusarium,0,0,0,0,0,0,0,0,0,0,0,0,0,0,4,0,0,192,0,0,12,0,0,0,0,0,0,0,0,10,0,5,0,0,0,0,0,0,0,0,0,0,0,0,0,0,0,0,10,0,0,0,0,0,0,0,0,0,0,0,0,0,0,0,0,0,0
Ascomycota,Sordariomycetes,Hypocreales,Sarocladiaceae,Parasarocladium,Parasarocladium_radiatum,0,0,0,0,0,0,0,0,0,0,0,0,0,0,0,0,0,0,0,0,0,0,0,0,0,0,0,0,3,0,0,0,0,0,0,0,0,0,0,0,0,0,0,0,0,0,0,0,0,0,0,0,0,0,0,0,0,0,0,0,0,0,0,0,0,0,0
Ascomycota,Sordariomycetes,Hypocreales,Sarocladiaceae,Sarocladium,Sarocladium_bifurcatum,0,0,0,0,0,0,0,0,0,0,0,0,0,0,0,0,0,0,0,0,0,0,0,0,0,0,0,0,0,3,0,0,0,0,0,0,0,0,32,0,0,0,0,0,0,0,0,0,0,0,0,0,0,0,0,0,0,0,0,0,0,0,0,0,0,0,0
Ascomycota,Sordariomycetes,Hypocreales,Stachybotryaceae,Memnoniella,unclassified_Memnoniella,0,0,0,0,0,0,0,0,0,0,0,0,0,0,0,0,0,0,3,0,0,0,0,0,0,0,0,0,0,0,0,0,0,0,0,0,0,0,0,0,0,0,0,0,0,0,0,0,0,0,0,0,0,0,0,0,0,0,0,0,0,0,0,0,0,0,0
Ascomycota,Sordariomycetes,Hypocreales,unclassified_Hypocreales,unclassified_Hypocreales,unclassified_Hypocreales,0,0,0,0,0,0,0,0,0,0,0,0,0,0,0,0,0,0,0,0,0,0,0,0,0,0,0,0,0,0,0,0,0,0,0,0,0,0,0,0,0,0,0,0,0,0,0,0,0,0,0,0,0,0,0,0,0,0,172,0,0,1,0,0,0,0,0
Ascomycota,Sordariomycetes,Hypocreales,unidentified,Acremonium,Acremonium_acutatum,0,0,0,0,0,0,0,0,0,0,0,0,0,0,0,0,0,0,0,0,4,0,0,0,0,0,0,0,0,7,17,0,0,0,0,0,0,0,0,0,0,0,0,0,0,0,0,0,0,0,0,0,0,0,0,0,0,0,0,0,0,0,0,0,0,0,0
Ascomycota,Sordariomycetes,Hypocreales,unidentified,Acremonium,Acremonium_persicinum,0,0,0,0,0,0,0,0,0,0,0,0,0,0,0,0,0,0,0,0,0,0,0,0,0,0,0,0,0,0,0,0,0,0,0,0,0,0,23,0,0,0,0,0,0,0,0,0,0,0,0,0,0,0,0,0,0,0,0,0,0,0,0,0,0,0,0
Ascomycota,Sordariomycetes,Melanosporales,Melanosporaceae,Melanospora,Melanospora_verrucispora,0,0,0,0,0,0,0,0,0,0,0,0,0,0,0,0,0,0,0,0,0,0,0,0,0,0,5,0,0,0,0,0,0,0,0,0,0,0,0,0,0,0,0,0,0,0,0,0,0,0,0,0,0,0,0,0,0,0,0,0,0,0,0,0,0,0,0
Ascomycota,Sordariomycetes,Microascales,Microascaceae,Microascus,Microascus_croci,0,0,0,0,0,0,0,0,0,0,0,0,0,0,0,0,0,0,0,0,0,0,0,0,0,0,6,0,0,0,0,0,0,0,0,0,0,0,0,0,0,0,0,0,0,0,0,0,0,0,0,0,0,0,0,0,0,0,0,0,0,0,0,0,0,0,0
Ascomycota,Sordariomycetes,Ophiostomatales,Ophiostomataceae,Ceratocystiopsis,Ceratocystiopsis_collifera,0,0,0,0,0,0,0,0,0,0,0,0,0,0,0,0,0,0,0,0,0,0,0,0,0,0,0,0,0,0,0,0,0,0,0,0,0,0,0,0,0,0,0,0,0,0,0,0,0,0,0,0,0,0,0,0,0,0,0,0,0,0,0,0,0,0,98
Ascomycota,Sordariomycetes,Sordariales,Chaetomiaceae,Chaetomium,unclassified_Chaetomium,0,0,0,0,0,0,0,0,0,0,0,0,0,0,0,0,0,0,0,0,0,0,0,0,0,0,0,0,4,0,0,0,0,0,0,0,0,0,0,0,0,0,0,0,0,0,0,0,0,0,0,0,0,0,0,0,0,0,0,0,0,0,0,0,0,0,0
Ascomycota,Sordariomycetes,Sordariales,Chaetomiaceae,Melanocarpus,Melanocarpus_albomyces,0,0,0,0,0,0,0,0,0,0,0,0,0,0,0,59,0,0,0,158,0,0,0,0,0,0,0,0,50,0,0,0,0,0,0,0,0,0,0,0,0,0,0,0,0,0,0,0,0,0,0,0,0,0,0,0,0,0,0,0,0,0,0,0,0,0,0
Ascomycota,Sordariomycetes,Sordariales,Chaetomiaceae,Myceliophthora,Myceliophthora_fergusii,0,0,0,0,0,0,0,0,0,0,0,0,0,0,0,0,0,0,0,0,0,0,0,0,0,0,0,0,0,4,0,0,0,0,0,0,0,0,0,0,0,0,0,0,0,0,0,0,0,0,0,0,0,0,0,0,0,0,0,0,0,0,0,0,0,0,0
Ascomycota,Sordariomycetes,Sordariales,Chaetomiaceae,Mycothermus,Mycothermus_thermophilus,0,0,0,0,0,0,0,0,0,0,0,0,0,0,0,0,0,0,0,4,0,0,0,0,0,0,0,0,0,0,0,0,0,0,0,0,0,0,0,0,0,0,0,0,0,0,0,0,0,0,0,0,0,0,0,0,0,0,0,0,0,0,0,0,0,0,0
Ascomycota,Sordariomycetes,Sordariales,Chaetomiaceae,unclassified_Chaetomiaceae,unclassified_Chaetomiaceae,0,0,0,0,0,0,0,0,0,0,0,0,0,0,0,4,0,0,0,0,0,0,0,0,0,0,0,0,0,0,13,0,0,0,0,0,0,0,0,0,0,0,0,0,0,0,0,0,0,0,0,0,0,0,0,0,0,0,0,0,0,0,0,0,0,0,0
Ascomycota,Sordariomycetes,Sordariomycetes_ord_Incertae_sedis,Sordariomycetes_fam_Incertae_sedis,Oncopodiella,unidentified,23,97,17,73,80,0,6,31,3,0,0,0,0,0,0,0,0,0,0,0,0,0,0,0,106,199,75,0,0,0,0,45,0,0,0,0,0,0,0,0,0,0,0,0,0,0,0,0,0,0,0,10,0,57,0,0,0,0,0,0,0,0,0,0,0,0,0
Ascomycota,Sordariomycetes,Trichosphaeriales,Trichosphaeriaceae,Nigrospora,unclassified_Nigrospora,0,0,0,0,0,0,0,0,0,0,0,0,0,0,0,0,0,0,52,26,0,0,0,0,0,0,0,0,0,32,0,0,0,0,0,0,0,0,6,0,0,0,0,0,0,0,0,0,0,0,0,0,0,0,0,0,103,0,0,0,0,0,0,0,0,0,0
Ascomycota,Sordariomycetes,Xylariales,Diatrypaceae,unclassified_Diatrypaceae,unclassified_Diatrypaceae,0,0,0,0,0,0,0,0,4,0,0,0,0,0,0,0,0,0,0,0,0,0,0,0,0,0,0,0,0,0,0,0,0,0,0,0,0,0,0,0,0,0,0,0,0,0,0,0,0,0,0,0,0,0,0,0,0,0,0,0,0,0,0,0,0,0,0
Ascomycota,Sordariomycetes,Xylariales,Sporocadaceae,Discosia,Discosia_pseudoartocreas,0,0,0,0,0,0,0,0,0,0,0,0,0,0,0,0,0,0,0,0,0,0,0,0,17,57,0,12,0,440,0,0,0,0,0,0,0,0,0,0,0,0,0,0,0,0,0,0,0,0,0,0,0,0,0,0,0,0,0,0,0,0,0,0,0,0,0
Ascomycota,Sordariomycetes,Xylariales,Sporocadaceae,Discosia,Discosia_yakushimensis,0,0,0,0,0,0,0,0,0,0,0,0,0,0,0,0,0,0,0,0,0,0,0,0,0,0,0,0,52,0,0,0,0,0,0,0,0,0,0,0,0,0,0,0,0,0,0,0,0,0,0,0,0,0,0,0,0,0,0,0,0,0,0,0,0,0,0
Ascomycota,Sordariomycetes,Xylariales,Sporocadaceae,Seiridium,unclassified_Seiridium,0,60,0,0,0,0,0,0,0,0,0,0,0,0,0,0,0,0,0,0,0,0,0,0,0,0,0,0,0,0,0,0,0,0,0,0,0,0,0,0,0,0,0,0,0,0,0,0,0,0,0,0,0,0,0,0,0,0,0,0,0,0,0,0,0,0,0
Ascomycota,Sordariomycetes,Xylariales,Sporocadaceae,unclassified_Sporocadaceae,unclassified_Sporocadaceae,0,0,0,0,0,0,0,0,0,0,0,0,0,0,0,0,0,0,0,0,0,0,0,0,0,0,0,0,0,0,0,0,0,0,0,0,0,0,0,0,0,0,0,0,0,0,0,0,0,0,0,0,0,13,0,0,0,0,0,0,0,0,0,0,0,0,0
Ascomycota,Sordariomycetes,Xylariales,unclassified_Xylariales,unclassified_Xylariales,unclassified_Xylariales,0,0,0,17,0,0,0,14,0,0,0,0,0,0,0,0,0,0,0,0,0,0,0,0,0,0,0,0,0,0,0,3,0,0,0,0,0,0,0,0,0,0,0,0,0,0,0,0,0,0,0,0,0,0,0,0,0,0,0,0,0,0,0,0,0,0,0
Ascomycota,Sordariomycetes,Xylariales,unidentified,Polyscytalum,Polyscytalum_neofecundissimum,0,0,0,0,0,0,0,0,0,0,0,0,0,0,0,0,0,0,0,0,0,0,0,0,0,0,0,0,0,0,0,0,0,0,0,0,0,0,0,0,0,0,0,0,0,0,0,0,0,0,0,0,0,0,0,0,0,0,0,0,0,0,0,0,0,48,0
Ascomycota,Sordariomycetes,unclassified_Sordariomycetes,unclassified_Sordariomycetes,unclassified_Sordariomycetes,unclassified_Sordariomycetes,0,0,0,0,0,0,0,0,0,0,4,0,0,0,0,0,0,0,0,0,0,0,0,0,4,0,0,0,0,0,0,0,0,0,0,0,0,0,0,0,0,0,0,0,0,0,0,0,0,0,0,0,0,0,0,0,0,0,0,0,0,0,0,0,0,0,0
Ascomycota,Sordariomycetes,unidentified,Amplistromataceae,Wallrothiella,Wallrothiella_gmelinae,0,0,0,0,0,0,0,0,0,0,0,0,0,0,0,0,0,0,0,3,0,0,0,0,0,0,0,0,0,0,0,0,0,0,0,0,0,0,0,0,0,0,0,0,0,0,0,0,0,0,0,0,0,0,0,0,0,0,0,0,0,0,0,0,0,0,0
Ascomycota,Sordariomycetes,unidentified,Conlariaceae,Conlarium,Conlarium_duplumascospora,0,0,0,0,0,0,0,0,0,0,0,0,0,0,0,0,0,0,0,0,0,0,0,0,0,0,0,0,0,0,0,0,0,0,0,0,0,0,0,0,0,0,0,0,0,0,0,0,0,0,0,0,0,0,0,0,0,0,20,0,0,0,0,0,0,0,0
Ascomycota,Sordariomycetes,unidentified,Sporidesmiaceae,Sporidesmium,Sporidesmium_melaleucae,0,0,0,0,0,0,0,0,0,0,0,0,0,0,0,0,0,0,0,0,0,0,0,0,0,76,8,0,0,0,0,0,0,0,0,0,0,0,0,0,0,0,0,0,0,0,0,0,0,0,0,0,0,0,0,0,0,0,0,0,0,0,0,0,0,0,0
Ascomycota,Sordariomycetes,unidentified,unclassified_unidentified,unclassified_unidentified,unclassified_unidentified,5,0,0,0,0,0,0,0,0,0,0,0,0,0,0,0,0,0,0,0,0,0,0,0,0,0,0,0,0,0,0,0,0,0,0,0,0,0,0,0,0,0,0,0,0,0,0,0,0,0,0,0,0,0,0,0,0,0,0,0,0,0,0,0,0,0,0
Ascomycota,Taphrinomycetes,Taphrinales,Taphrinaceae,Taphrina,unclassified_Taphrina,0,0,0,0,0,10,0,0,0,0,0,0,0,0,0,0,0,0,0,0,0,0,0,0,0,0,0,0,0,0,0,0,0,0,0,0,0,0,0,0,0,0,0,0,0,0,0,0,0,0,0,0,0,0,0,0,0,0,0,0,0,0,0,0,0,0,0
Ascomycota,unclassified_Ascomycota,unclassified_Ascomycota,unclassified_Ascomycota,unclassified_Ascomycota,unclassified_Ascomycota,4737,6279,5685,6095,3553,5416,4833,5629,5781,12213,3614,8860,5173,5066,4689,85,3727,4986,10,3731,3691,11644,10870,16738,4886,5192,5262,5791,4396,3975,5628,4658,4450,9449,11734,12070,5152,98,162,53,4550,4,4758,3918,3852,11073,12977,15097,4768,5469,4078,2233,4122,5853,5388,5417,4559,5646,5850,9578,8426,13741,12713,5408,7503,4584,5871
Basidiomycota,Agaricomycetes,Agaricales,Agaricaceae,Cystoderma,Cystoderma_amianthinum,0,0,0,0,0,0,0,0,0,0,0,0,0,0,0,0,0,0,0,0,0,0,0,0,0,0,0,0,0,0,0,0,0,0,0,0,0,0,0,0,0,0,0,0,0,0,0,0,0,0,0,0,0,0,0,0,0,0,0,0,0,0,0,0,0,19,0
Basidiomycota,Agaricomycetes,Agaricales,Agaricaceae,Leucocoprinus,unidentified,0,0,0,0,0,0,0,0,0,0,0,0,0,0,0,0,0,0,13,0,0,0,0,0,0,0,0,0,0,0,0,0,0,0,0,0,0,0,0,0,0,0,0,0,0,0,0,0,0,0,0,0,0,0,0,0,0,0,0,0,0,0,0,0,0,0,0
Basidiomycota,Agaricomycetes,Agaricales,Clavariaceae,Clavaria,Clavaria_argillacea,0,0,0,0,0,0,0,0,0,0,0,0,0,0,0,0,0,3,5,0,0,0,0,0,0,0,0,0,0,0,0,0,0,0,0,0,185,0,0,0,0,0,4,0,0,0,0,0,0,0,0,0,0,0,0,0,0,0,0,0,0,0,0,0,0,0,0
Basidiomycota,Agaricomycetes,Agaricales,Clavariaceae,Clavaria,unclassified_Clavaria,0,0,0,0,0,0,0,0,0,0,0,0,0,0,0,0,0,0,0,0,0,0,0,0,0,0,0,0,0,0,0,0,0,0,0,0,58,0,69,0,29,0,0,22,0,0,0,0,0,0,0,0,0,0,0,0,0,0,0,0,0,0,0,0,0,0,0
Basidiomycota,Agaricomycetes,Agaricales,Clavariaceae,Clavaria,unidentified,0,0,0,0,0,0,0,0,0,0,0,0,0,0,0,0,0,0,0,0,0,0,0,0,0,0,0,0,0,0,0,0,0,0,0,0,312,0,116,0,0,0,0,0,0,0,0,0,0,0,1,0,0,0,0,0,0,0,0,0,0,0,0,0,0,0,0
Basidiomycota,Agaricomycetes,Agaricales,Clavariaceae,unidentified,unidentified,0,2,0,5,0,0,0,0,6,587,0,0,0,0,0,0,0,0,0,0,0,2,3,3,0,0,0,0,0,0,0,0,0,0,0,0,0,0,0,0,0,0,0,0,0,0,0,0,0,0,0,0,0,0,0,0,0,0,0,0,23,0,0,0,0,1,0
Basidiomycota,Agaricomycetes,Agaricales,Cortinariaceae,Gymnopilus,Gymnopilus_decipiens,0,0,0,0,0,0,0,0,0,0,0,0,0,0,0,0,0,0,0,0,0,0,0,0,0,0,0,0,0,9,0,0,0,0,0,0,0,0,0,0,0,0,0,0,0,0,0,0,0,0,0,0,0,0,0,0,0,0,0,0,0,0,0,0,0,0,0
Basidiomycota,Agaricomycetes,Agaricales,Cyphellaceae,Henningsomyces,Henningsomyces_candidus,167,1299,136,0,0,4,0,254,234,0,4,3,0,6,0,7,6,0,33,0,0,3,6,0,3,3,4,0,19,264,155,3,4,4,3,0,6,0,0,1,6,10,942,0,0,7,4,9,4,0,7,0,143,0,5,9,4,0,5,0,0,7,6,0,4,4,2
Basidiomycota,Agaricomycetes,Agaricales,Cyphellaceae,Henningsomyces,unclassified_Henningsomyces,0,0,0,0,0,0,0,0,0,0,0,0,0,0,8,0,0,0,0,0,9,0,0,0,0,0,0,0,0,0,0,0,0,0,0,0,0,0,0,0,0,0,0,0,4,0,0,0,0,0,0,0,0,0,0,0,0,0,0,0,0,0,0,0,0,0,0
Basidiomycota,Agaricomycetes,Agaricales,Cyphellaceae,Rectipilus,Rectipilus_idahoensis,0,0,0,0,0,0,0,0,0,0,0,0,0,0,0,0,0,0,0,0,0,0,0,0,0,0,0,0,0,0,0,0,0,0,0,0,0,0,0,0,0,0,0,0,16,0,0,0,0,0,0,0,0,0,0,0,0,0,0,0,0,0,0,0,0,0,0
Basidiomycota,Agaricomycetes,Agaricales,Entolomataceae,Entoloma,Entoloma_luteofuscum,0,0,0,0,0,0,0,0,0,0,0,0,0,0,0,0,0,0,0,0,0,0,0,0,0,0,0,0,0,0,0,0,0,0,0,0,0,0,0,0,0,0,0,0,0,0,0,0,0,0,5,0,0,0,0,0,0,0,0,0,0,0,0,0,0,0,0
Basidiomycota,Agaricomycetes,Agaricales,Entolomataceae,unidentified,unidentified,0,0,0,0,0,0,0,0,0,0,0,0,0,0,0,0,0,0,0,0,0,0,0,0,0,0,0,0,0,0,0,0,0,0,0,0,0,0,0,0,0,0,0,0,0,0,0,0,0,0,0,0,0,0,0,0,0,0,0,0,0,0,0,0,21,0,0
Basidiomycota,Agaricomycetes,Agaricales,Hygrophoraceae,Hygrocybe,Hygrocybe_substrangulata,0,0,0,0,0,0,0,0,0,0,0,0,0,0,0,0,0,0,0,0,0,0,0,0,0,0,0,0,0,0,0,0,0,0,0,0,22,0,16,0,0,0,0,0,0,0,0,0,0,0,0,0,0,0,0,0,0,0,0,0,0,0,0,0,0,0,0
Basidiomycota,Agaricomycetes,Agaricales,Lycoperdaceae,unclassified_Lycoperdaceae,unclassified_Lycoperdaceae,0,0,0,0,0,0,0,0,0,0,0,0,0,0,0,0,0,0,0,0,0,0,0,0,0,0,0,0,7,0,0,0,0,0,0,0,0,0,0,0,0,0,0,0,0,0,0,0,0,0,0,0,0,0,0,0,0,0,0,0,0,0,0,0,0,0,0
Basidiomycota,Agaricomycetes,Agaricales,Marasmiaceae,Marasmius,Marasmius_rotula,0,0,0,7,0,0,0,0,0,0,0,0,0,0,0,0,0,0,0,0,0,0,0,0,0,0,0,0,0,0,0,0,0,0,0,0,0,0,0,0,0,0,0,0,0,0,0,0,0,0,0,0,0,0,0,0,0,0,0,0,0,0,0,0,0,0,0
Basidiomycota,Agaricomycetes,Agaricales,Mycenaceae,Xeromphalina,Xeromphalina_setulipes,0,0,0,0,4,9,0,0,0,0,0,0,0,0,0,0,0,0,0,0,0,0,0,0,0,0,0,0,0,0,0,0,0,3,5,0,0,0,0,0,0,0,0,0,0,0,0,0,0,0,0,0,0,0,0,0,0,0,0,0,0,0,0,0,0,0,0
Basidiomycota,Agaricomycetes,Agaricales,Omphalotaceae,Gymnopus,Gymnopus_androsaceus,0,0,0,0,0,0,0,0,0,5,0,0,0,0,0,0,0,0,0,0,0,0,0,0,0,0,0,0,0,0,0,0,0,0,0,0,0,0,0,0,0,0,0,0,0,0,0,97,0,0,0,0,0,0,0,0,0,0,0,0,0,0,0,0,0,0,0
Basidiomycota,Agaricomycetes,Agaricales,Omphalotaceae,unidentified,unidentified,0,0,0,0,0,0,0,0,0,0,0,0,0,0,0,0,0,0,0,0,0,0,0,0,110,0,30,0,0,32,0,0,1,0,0,0,0,0,0,1,0,0,0,0,0,0,0,0,0,0,0,0,0,0,0,0,0,0,0,0,0,0,0,0,0,0,0
Basidiomycota,Agaricomycetes,Agaricales,Pleurotaceae,Pleurotus,unclassified_Pleurotus,0,0,0,0,0,0,0,0,10,0,0,0,0,0,0,0,0,0,0,0,0,0,0,0,0,0,0,0,0,0,0,0,0,0,0,0,0,0,0,0,0,0,0,0,0,0,0,0,0,0,0,0,0,0,0,0,0,0,0,0,0,0,0,0,0,0,0
Basidiomycota,Agaricomycetes,Agaricales,Psathyrellaceae,Coprinopsis,Coprinopsis_afrocinerea,0,0,0,0,0,0,0,0,0,0,0,0,0,0,0,0,0,0,0,0,0,0,0,0,0,0,0,0,0,0,0,4,0,0,0,0,0,0,0,0,0,0,0,0,0,0,0,0,0,0,0,0,0,0,0,0,0,0,0,0,0,0,0,0,0,0,0
Basidiomycota,Agaricomycetes,Agaricales,Psathyrellaceae,Coprinopsis,Coprinopsis_calospora,0,0,0,0,0,0,0,0,0,0,0,0,0,0,0,0,3,0,0,0,0,0,0,0,0,0,0,0,3,0,0,0,0,0,0,0,0,0,0,0,0,0,0,0,0,0,0,0,0,0,0,0,0,0,0,0,0,0,0,0,0,0,0,0,0,0,0
Basidiomycota,Agaricomycetes,Agaricales,Psathyrellaceae,Coprinopsis,unclassified_Coprinopsis,0,0,0,0,0,0,0,0,0,0,0,0,0,0,0,0,0,0,0,0,0,0,0,0,0,0,0,0,0,0,0,18,0,0,0,0,0,0,0,0,0,0,0,0,0,0,0,0,0,0,0,0,0,0,0,0,0,0,0,0,0,0,0,0,0,0,0
Basidiomycota,Agaricomycetes,Agaricales,Schizophyllaceae,Schizophyllum,Schizophyllum_commune,0,0,0,0,0,0,0,0,0,0,0,0,0,0,0,0,0,0,0,0,0,0,0,0,0,0,0,0,0,0,0,6,0,0,0,0,0,0,0,0,0,0,0,0,0,0,0,0,0,0,0,0,0,0,0,0,0,0,0,0,0,0,0,0,0,0,0
Basidiomycota,Agaricomycetes,Agaricales,Strophariaceae,Galerina,Galerina_tibiicystis,0,0,0,0,0,0,0,0,0,8,0,0,0,0,0,0,0,0,0,0,0,0,0,0,0,0,0,0,0,0,0,0,0,0,0,0,0,0,0,0,0,0,0,0,0,0,0,0,0,0,0,0,0,0,0,0,0,0,0,0,0,0,0,0,0,0,0
Basidiomycota,Agaricomycetes,Agaricales,Strophariaceae,Galerina,unclassified_Galerina,0,0,0,0,0,0,0,0,0,0,0,0,0,0,0,0,0,0,0,0,0,0,0,0,0,0,0,0,0,0,0,0,0,0,0,0,0,0,0,0,0,0,0,0,0,0,0,0,0,0,0,0,0,0,0,0,0,0,0,0,0,0,0,4,0,0,0
Basidiomycota,Agaricomycetes,Agaricales,Strophariaceae,Hypholoma,Hypholoma_elongatum,0,0,0,0,0,0,0,0,0,8,0,0,0,0,0,0,0,0,0,0,0,0,0,54,0,0,0,0,0,0,0,0,0,0,0,0,0,0,0,0,0,0,0,0,0,0,0,0,0,0,0,0,0,0,0,0,0,0,0,0,0,0,0,142,0,0,0
Basidiomycota,Agaricomycetes,Agaricales,Strophariaceae,Hypholoma,Hypholoma_frowardii,8,0,6,5,10,9,16,0,15,10,373,8,0,0,0,0,0,0,0,0,0,11,0,0,0,0,0,0,0,0,0,0,0,0,11,14,0,0,0,0,0,0,0,0,0,1877,241,812,0,0,0,0,0,0,0,13,8,4,10,0,0,0,0,7,0,13,13
Basidiomycota,Agaricomycetes,Agaricales,Strophariaceae,Hypholoma,Hypholoma_myosotis,0,0,0,0,0,0,0,0,0,0,0,0,0,0,140,316,0,0,0,0,0,0,0,0,0,5,4,0,0,0,253,0,0,0,0,0,3,0,0,0,3,0,0,2,3,0,0,0,3,1,0,0,0,0,3,0,0,0,0,367,0,0,0,0,0,0,0
Basidiomycota,Agaricomycetes,Agaricales,Tricholomataceae,Clitocybe,Clitocybe_rivulosa,0,0,0,0,0,0,0,0,0,0,0,0,0,0,0,0,0,0,0,0,1,0,0,0,0,0,18,0,0,0,0,15,0,0,0,0,0,0,0,0,0,0,0,0,0,0,0,0,0,0,0,0,0,0,0,0,0,0,0,0,0,0,0,0,0,0,0
Basidiomycota,Agaricomycetes,Agaricales,Tricholomataceae,Clitocybula,unidentified,0,0,0,0,0,0,0,0,0,0,0,0,0,3,0,0,0,0,0,0,0,0,0,0,0,0,0,0,0,0,0,0,8,0,0,0,0,0,0,0,0,0,0,0,0,0,0,0,0,0,0,0,0,0,0,0,0,0,0,0,0,0,0,0,0,0,0
Basidiomycota,Agaricomycetes,Agaricales,Tricholomataceae,Delicatula,Delicatula_integrella,0,0,0,0,0,0,0,0,0,0,0,0,6,0,0,6,0,7,7,0,3,0,0,0,593,171,0,0,3,0,5,0,0,0,0,0,227,0,0,0,91,87,7,0,0,0,0,0,0,0,0,4,3,2,3,0,0,0,0,0,0,0,0,0,0,0,0
Basidiomycota,Agaricomycetes,Agaricales,Tricholomataceae,Hydropus,unclassified_Hydropus,0,0,0,0,0,0,0,0,0,0,0,0,0,0,0,0,0,0,0,0,0,0,0,0,0,0,0,0,0,0,0,0,0,0,0,0,4,0,0,0,0,0,0,0,0,0,0,0,0,0,0,0,0,0,0,0,0,0,0,0,0,0,0,0,0,0,0
Basidiomycota,Agaricomycetes,Agaricales,Tricholomataceae,Hydropus,unidentified,0,0,0,0,0,0,0,0,0,0,0,0,444,0,0,0,0,1,0,0,0,0,0,0,0,0,0,3,0,0,0,0,0,0,0,0,0,2,0,0,2,0,0,0,0,0,0,0,1,2,2,3,0,0,0,0,0,0,0,0,0,0,0,0,0,0,0
Basidiomycota,Agaricomycetes,Agaricales,Tricholomataceae,Mycena,Mycena_adonis,0,0,0,0,2,0,0,0,3,0,0,0,0,0,0,0,0,0,0,0,0,0,6,234,0,0,0,0,0,0,0,0,0,10,6,0,0,0,0,0,0,0,0,0,0,0,0,0,0,0,0,0,0,0,0,0,0,0,0,0,151,0,0,4,0,0,1
Basidiomycota,Agaricomycetes,Agaricales,Tricholomataceae,Mycena,Mycena_galericulata,6,0,9,0,0,7,250,0,2519,10,0,12,3542,1006,775,22418,1976,3521,19986,3029,4315,0,12,12,417,250,1161,700,823,279,151,699,145,7,0,6,1757,26587,12814,25234,2011,303,183,725,3577,10,7,11,132,134,94,145,104,162,141,0,5,4,8,3,7,14,4,16,7,9,12
Basidiomycota,Agaricomycetes,Agaricales,Tricholomataceae,Mycena,Mycena_leptocephala,0,0,0,0,0,0,0,0,0,0,0,0,0,0,3,8,0,0,9,0,0,0,0,0,0,4,0,4,3,0,0,0,3,0,0,0,0,8,7,4,0,0,4,595,5,0,0,0,0,0,0,0,5,0,0,0,0,0,0,0,0,0,0,0,0,0,0
Basidiomycota,Agaricomycetes,Agaricales,Tricholomataceae,Mycena,Mycena_sanguinolenta,0,3,0,0,0,0,2,2,8,0,4,3,0,0,0,0,0,0,0,0,0,147,644,29,0,0,0,0,0,0,0,0,0,0,0,0,0,0,0,0,0,0,0,0,0,4,0,72,0,0,0,0,0,0,0,3,4,0,0,0,4,33,0,1,36,45,1
Basidiomycota,Agaricomycetes,Agaricales,Tricholomataceae,Mycena,Mycena_silvae-nigrae,0,0,0,0,0,4,0,0,3,0,0,0,0,0,0,0,0,0,0,0,0,0,267,3,0,0,145,0,0,0,0,0,0,0,0,0,0,0,107,0,0,116,0,0,0,0,0,0,0,0,0,0,0,27,0,0,0,0,0,0,0,0,0,0,0,0,0
Basidiomycota,Agaricomycetes,Agaricales,Tricholomataceae,Mycena,Mycena_tenax,0,0,0,0,0,0,0,0,0,0,1,0,3,0,3,0,0,0,0,0,0,0,0,0,0,0,0,2,0,0,0,5,0,0,0,0,0,0,0,6,0,0,0,0,0,0,0,0,0,0,0,207,0,0,0,0,0,0,0,0,0,0,0,0,0,0,0
Basidiomycota,Agaricomycetes,Agaricales,Tricholomataceae,Mycena,unclassified_Mycena,0,0,0,0,0,0,0,93,0,0,0,0,5,3,1080,3,7,7,123,9,549,0,0,0,4,994,0,4,4,5,4,0,0,0,0,1,6,11,0,3,5,3,0,0,0,0,0,0,3,5,0,19,233,0,1,193,0,0,0,0,0,0,0,0,0,0,0
Basidiomycota,Agaricomycetes,Agaricales,Tricholomataceae,Mycena,unidentified,0,0,0,0,0,0,0,0,0,0,0,0,0,0,0,0,0,0,0,0,0,0,0,0,0,0,0,0,0,0,0,0,3,0,0,0,0,0,0,0,0,0,0,0,0,255,0,0,0,0,0,0,0,0,0,0,0,0,0,0,0,6,0,0,0,0,0
Basidiomycota,Agaricomycetes,Agaricales,Tricholomataceae,Xeromphalina,Xeromphalina_cauticinalis,8,6,4,0,0,0,4,0,0,0,3,0,0,0,0,0,0,0,0,0,0,0,0,0,0,0,0,0,0,0,0,0,0,0,0,0,0,0,0,0,0,0,0,0,0,0,0,0,0,0,0,0,0,0,0,0,0,3,7,0,468,0,0,0,0,6,0
Basidiomycota,Agaricomycetes,Agaricales,unclassified_Agaricales,unclassified_Agaricales,unclassified_Agaricales,0,0,0,4,0,0,0,5,11,0,0,3,27,25,31,42,19,25,32,19,25,0,2,78,20,20,21,276,221,258,353,376,2728,0,0,5,1013,33,28,30,25,102,1357,17,27,0,6,0,16,29,14,560,672,28,21,5,0,0,0,6,991,96,9,5,2,0,4
Basidiomycota,Agaricomycetes,Atheliales,Atheliaceae,Athelia,unidentified,0,0,0,0,0,1,0,0,0,0,186,0,0,0,0,0,0,0,0,0,0,0,0,0,0,0,0,0,0,0,0,0,0,0,0,0,0,0,0,0,0,0,0,0,0,0,0,0,0,0,0,0,0,0,0,0,0,0,0,0,0,0,0,0,0,0,0
Basidiomycota,Agaricomycetes,Atheliales,Atheliaceae,Byssocorticium,unidentified,0,0,0,0,0,0,0,0,0,43,0,35,0,0,0,0,0,0,0,0,0,0,0,0,0,0,0,0,0,0,0,0,0,0,0,3,0,0,0,0,0,0,0,0,0,0,0,0,0,0,0,0,0,0,0,0,0,0,0,0,0,0,0,0,0,0,0
Basidiomycota,Agaricomycetes,Atheliales,Atheliaceae,Leptosporomyces,Leptosporomyces_galzinii,0,0,0,0,0,0,0,0,0,0,0,0,0,0,0,0,0,0,0,0,0,0,0,0,0,0,0,0,0,0,0,0,0,0,0,0,0,0,0,0,0,0,0,0,0,0,0,0,0,0,0,0,0,0,0,0,0,0,0,0,0,0,0,0,1,282,0
Basidiomycota,Agaricomycetes,Atheliales,Atheliaceae,Piloderma,Piloderma_sphaerosporum,0,0,0,0,0,0,0,0,0,0,0,0,0,0,0,0,0,0,0,0,0,29,0,0,0,0,0,0,0,0,0,0,0,0,0,0,0,0,0,0,0,0,0,0,0,0,0,0,0,0,0,0,0,0,0,0,0,0,0,0,0,0,0,0,44,0,0
Basidiomycota,Agaricomycetes,Auriculariales,unidentified,unidentified,unidentified,0,0,0,0,0,0,0,0,0,0,0,0,0,0,0,0,0,0,0,0,0,0,0,0,0,0,0,0,0,0,0,0,0,0,0,0,0,0,0,0,0,0,0,0,0,0,0,0,0,0,0,0,0,0,0,0,0,0,0,19,0,0,0,0,0,0,0
Basidiomycota,Agaricomycetes,Boletales,Suillaceae,Fuscoboletinus,Fuscoboletinus_spectabilis,0,4,1,0,0,0,4,2,12,2,0,0,0,0,0,0,0,0,0,0,0,0,0,3,0,0,0,0,0,0,0,0,0,0,4,4,0,0,0,0,0,0,0,0,0,0,5,5,0,0,0,0,0,0,0,0,5,0,0,0,5,1405,4,6,6,2,4
Basidiomycota,Agaricomycetes,Cantharellales,Cantharellales_fam_Incertae_sedis,Sistotrema,Sistotrema_raduloides,0,0,0,0,0,0,0,0,0,0,0,0,0,0,0,0,0,0,0,0,0,0,0,0,0,0,0,0,0,0,0,0,0,0,0,0,0,0,0,0,0,0,0,0,0,0,0,0,0,0,0,0,0,0,0,0,0,0,0,0,0,5,0,0,0,0,0
Basidiomycota,Agaricomycetes,Cantharellales,Ceratobasidiaceae,Ceratobasidium,unidentified,2,2,0,0,0,0,0,0,0,43,115,11,0,0,0,0,0,0,0,1,0,0,0,0,44,0,0,0,94,111,0,0,0,0,77,0,0,0,0,0,0,0,0,0,0,24,0,0,0,0,0,0,0,0,0,0,0,0,0,0,5,0,318,0,0,69,0
Basidiomycota,Agaricomycetes,Cantharellales,Ceratobasidiaceae,unclassified_Ceratobasidiaceae,unclassified_Ceratobasidiaceae,0,0,0,0,0,0,2,0,0,0,0,0,0,0,1,0,0,0,0,0,0,0,0,3,0,53,0,62,22,0,0,0,28,0,0,0,0,0,0,0,0,0,0,0,0,0,0,0,0,0,0,0,0,0,0,0,0,0,0,0,0,0,0,0,97,0,0
Basidiomycota,Agaricomycetes,Cantharellales,Clavulinaceae,Clavulina,Clavulina_cinerea,0,0,0,0,0,0,0,0,0,0,0,0,0,0,0,0,0,0,0,0,0,0,0,133,0,0,0,0,0,0,0,0,0,0,0,0,0,0,0,0,0,0,0,0,0,0,0,0,0,0,0,0,0,0,0,0,0,0,0,0,0,0,0,0,0,0,0
Basidiomycota,Agaricomycetes,Cantharellales,Clavulinaceae,Clavulina,unidentified,0,0,0,0,0,0,0,0,0,0,0,0,0,0,0,0,0,0,0,0,0,0,0,0,0,0,0,0,0,0,0,0,0,0,7,0,0,0,0,0,0,0,0,0,0,0,0,0,0,0,0,0,0,0,0,0,0,0,0,0,0,0,8,0,0,0,0
Basidiomycota,Agaricomycetes,Cantharellales,Tulasnellaceae,unclassified_Tulasnellaceae,unclassified_Tulasnellaceae,0,0,0,0,0,0,0,0,0,0,0,0,0,0,0,0,0,0,0,0,0,0,0,0,0,0,0,0,0,0,0,0,0,0,0,0,0,0,0,0,0,0,0,0,7,0,0,0,0,0,0,0,0,0,4,0,0,0,0,0,0,0,0,0,0,0,0
Basidiomycota,Agaricomycetes,Cantharellales,Tulasnellaceae,unidentified,unidentified,0,0,0,0,0,5,0,0,0,0,0,0,0,16,0,0,0,0,0,0,0,0,9,17,0,3,0,0,0,0,0,14,0,6,0,0,0,5,0,0,0,0,0,0,0,0,0,0,3,11,10,0,0,0,16,0,0,7,0,0,0,0,0,0,0,8,0
Basidiomycota,Agaricomycetes,Cantharellales,unclassified_Cantharellales,unclassified_Cantharellales,unclassified_Cantharellales,0,0,0,0,0,0,0,0,0,0,0,0,0,0,0,0,0,0,0,0,0,0,5,0,0,0,0,0,0,0,0,0,0,0,0,0,0,0,0,0,0,0,0,0,0,0,0,0,0,0,0,0,0,0,0,0,0,43,0,0,0,0,0,0,0,0,0
Basidiomycota,Agaricomycetes,Corticiales,Hymenochaetales_fam_Incertae_sedis,Peniophorella,Peniophorella_praetermissa,0,0,0,0,0,0,0,0,0,0,0,0,0,0,0,0,0,0,0,0,0,0,0,0,0,0,0,0,0,18,0,0,0,0,0,0,0,0,0,0,0,0,0,0,0,0,0,0,0,0,0,0,0,0,0,0,0,0,0,0,0,0,0,0,0,0,0
Basidiomycota,Agaricomycetes,Hymenochaetales,Hymenochaetales_fam_Incertae_sedis,Peniophorella,Peniophorella_pallida,0,0,0,0,0,0,0,0,0,0,0,0,0,0,0,0,0,13,0,0,0,0,0,0,0,0,0,0,0,0,0,0,0,0,0,0,0,0,0,0,0,0,0,0,0,0,0,0,0,0,0,0,0,0,0,0,0,0,0,0,0,0,0,0,0,0,0
Basidiomycota,Agaricomycetes,Hymenochaetales,Schizoporaceae,Hyphodontia,Hyphodontia_pallidula,0,0,0,0,7,0,0,0,0,0,0,0,0,0,0,0,0,0,0,0,0,0,0,0,0,0,0,0,0,0,0,0,0,0,0,0,0,0,0,0,0,0,0,0,0,0,0,0,0,0,0,0,0,0,0,0,0,0,0,0,0,0,0,0,0,0,0
Basidiomycota,Agaricomycetes,Polyporales,Fomitopsidaceae,Postia,Postia_sericeomollis,0,0,0,0,0,0,0,0,0,0,0,0,0,0,0,0,0,0,0,0,0,0,5,0,0,0,0,0,0,0,0,0,0,0,0,0,0,0,0,0,0,0,0,0,0,0,0,0,0,0,0,0,0,0,0,0,0,0,0,0,0,0,0,0,0,0,0
Basidiomycota,Agaricomycetes,Polyporales,Meripilaceae,Physisporinus,Physisporinus_vitreus,0,0,0,0,0,0,0,0,0,0,0,33,0,0,0,0,0,0,0,0,0,0,0,0,0,0,0,0,0,0,0,0,0,0,0,0,0,0,0,0,0,0,0,0,0,0,0,0,0,0,0,0,0,0,0,0,0,0,0,0,0,0,0,0,0,0,0
Basidiomycota,Agaricomycetes,Polyporales,Meruliaceae,Bjerkandera,Bjerkandera_adusta,0,0,0,0,0,0,0,0,0,0,0,0,0,0,0,0,0,0,0,0,0,0,0,0,0,0,0,0,0,0,0,0,0,0,0,0,0,0,0,0,17,0,0,0,0,0,0,0,0,0,0,0,0,0,0,0,0,0,0,0,0,0,0,0,0,0,0
Basidiomycota,Agaricomycetes,Polyporales,Phanerochaetaceae,Phanerochaete,Phanerochaete_fusca,0,0,0,0,0,0,0,0,0,0,0,0,0,0,0,0,0,0,0,0,0,0,0,0,0,0,0,0,4,0,0,0,0,0,0,0,0,0,0,0,0,0,0,0,0,0,0,0,0,0,0,0,0,0,0,0,0,0,0,0,0,0,0,0,0,0,0
Basidiomycota,Agaricomycetes,Polyporales,Xenasmataceae,Phlebiella,unidentified,0,0,0,0,0,0,0,0,0,0,0,0,0,0,0,0,0,0,0,0,0,0,0,0,0,0,0,0,0,0,0,0,0,0,0,0,0,0,0,0,0,0,0,0,0,0,0,0,0,0,0,0,0,0,0,0,0,0,204,0,0,0,0,0,0,0,0
Basidiomycota,Agaricomycetes,Polyporales,unclassified_Polyporales,unclassified_Polyporales,unclassified_Polyporales,0,0,0,0,0,23,0,0,0,0,0,0,0,0,0,0,0,0,0,0,0,0,0,0,0,0,0,0,0,0,0,0,0,0,0,0,0,0,0,0,0,0,0,0,0,0,0,3,0,0,0,0,0,0,0,0,0,0,0,0,0,0,0,0,0,0,0
Basidiomycota,Agaricomycetes,Russulales,Bondarzewiaceae,Heterobasidion,Heterobasidion_occidentale,0,0,0,0,0,0,0,0,3,0,0,0,0,0,0,0,0,0,0,0,0,0,0,0,0,0,0,0,0,0,0,0,0,0,0,0,0,0,0,0,0,0,0,0,0,0,0,0,0,0,0,0,0,0,0,0,0,0,0,0,0,0,0,0,0,0,0
Basidiomycota,Agaricomycetes,Russulales,Lachnocladiaceae,Vararia,Vararia_minispora,0,3,0,0,0,0,0,0,0,0,0,0,0,0,0,0,0,0,0,0,0,0,0,0,0,0,0,0,0,0,0,0,0,0,0,0,0,0,0,0,0,0,0,0,0,0,0,3,0,0,0,0,0,0,0,458,0,0,0,0,4,2,0,0,0,0,3
Basidiomycota,Agaricomycetes,Russulales,Russulaceae,Lactarius,unclassified_Lactarius,0,0,0,0,0,0,0,0,0,0,0,0,0,0,0,0,0,0,0,0,0,0,51,0,0,0,0,0,0,0,0,0,0,0,0,0,0,0,0,0,0,0,0,0,0,0,0,0,0,0,0,0,0,0,0,0,0,0,0,0,0,0,0,0,0,0,0
Basidiomycota,Agaricomycetes,Russulales,Stereaceae,Stereum,Stereum_hirsutum,0,0,0,0,0,0,0,0,0,0,0,0,0,0,0,0,0,0,0,0,0,0,0,0,0,0,0,0,0,0,0,0,0,0,0,0,0,0,0,0,32,0,0,0,0,0,0,0,0,0,0,0,0,0,0,0,0,0,0,0,0,0,0,0,0,0,0
Basidiomycota,Agaricomycetes,Sebacinales,Serendipitaceae,Serendipita,Serendipita_sp,0,0,0,0,0,0,0,0,0,0,0,0,0,0,0,0,0,0,0,0,0,0,22,0,0,0,0,0,0,0,0,0,0,0,0,0,0,0,0,0,0,0,0,0,0,0,0,0,0,0,0,0,0,0,0,0,0,0,0,0,0,0,0,0,0,0,0
Basidiomycota,Agaricomycetes,Sebacinales,Serendipitaceae,Serendipita,unclassified_Serendipita,0,0,178,0,0,0,0,0,0,0,0,0,0,0,0,0,0,0,0,0,0,0,154,0,0,0,0,0,0,0,0,0,0,0,0,0,0,0,0,0,0,0,0,0,0,0,0,0,0,11,0,0,0,0,0,0,0,0,0,0,0,0,0,0,0,0,0
Basidiomycota,Agaricomycetes,Sebacinales,Serendipitaceae,Serendipita,unidentified,175,365,230,322,362,45,0,275,118,226,298,3,0,131,0,0,0,0,6,0,0,0,0,0,198,0,20,0,13,89,78,31,0,0,0,1,20,0,3,0,0,0,0,0,0,2,0,0,0,30,14,91,0,139,24,202,0,210,118,20,0,8,0,0,0,0,2
Basidiomycota,Agaricomycetes,Sebacinales,Serendipitaceae,unclassified_Serendipitaceae,unclassified_Serendipitaceae,0,147,0,0,148,0,0,26,0,0,0,0,0,0,0,0,0,0,0,0,0,0,200,88,0,0,0,0,0,0,0,0,0,0,0,0,0,0,0,0,0,0,0,0,0,0,0,1,0,0,0,0,0,0,0,0,0,0,0,0,2,0,0,3,0,0,0
Basidiomycota,Agaricomycetes,Sebacinales,Serendipitaceae,unidentified,unidentified,0,0,0,0,0,0,0,0,0,0,0,0,0,0,0,0,0,0,0,0,0,0,0,0,0,0,0,0,0,0,0,0,0,0,0,0,0,0,0,0,0,0,0,0,0,0,0,0,0,0,0,0,0,0,0,4,0,0,0,0,0,0,3,0,0,0,0
Basidiomycota,Agaricomycetes,Sebacinales,unclassified_Sebacinales,unclassified_Sebacinales,unclassified_Sebacinales,13,16,21,127,17,18,174,2,17,2230,141,182,3,102,54,0,14,0,53,0,51,310,25,125,105,199,0,0,9,57,48,0,1,61,462,30,21,0,0,3,24,6,0,0,0,458,815,357,0,0,3,0,2,68,37,173,10,82,213,100,460,376,147,309,266,128,26
Basidiomycota,Agaricomycetes,Sebacinales,unidentified,unidentified,Sebacinales_sp,0,0,4,86,0,0,105,0,0,0,0,1,0,0,0,0,0,0,0,0,0,0,0,0,0,0,0,0,0,0,0,0,0,0,0,0,0,0,9,0,0,0,0,0,0,0,0,0,0,0,0,0,0,0,0,0,0,0,0,0,0,0,0,0,0,0,0
Basidiomycota,Agaricomycetes,Sebacinales,unidentified,unidentified,unidentified,0,0,0,0,0,0,0,0,0,0,0,0,0,0,0,0,0,0,0,0,0,0,0,0,0,0,0,0,0,0,0,0,0,7,0,0,0,0,0,0,0,0,0,0,0,0,0,0,0,0,0,0,0,0,0,0,0,0,0,0,0,10,0,5,0,0,0
Basidiomycota,Agaricomycetes,Thelephorales,Thelephoraceae,Thelephora,Thelephora_corticioides,0,0,0,0,0,0,0,0,0,0,0,0,0,0,0,0,0,0,0,0,0,0,0,0,0,0,0,0,0,0,0,0,0,0,0,0,0,0,0,0,0,0,0,0,0,0,0,0,0,0,0,0,0,0,0,0,0,0,0,0,0,0,0,0,0,34,0
Basidiomycota,Agaricomycetes,Trechisporales,Hydnodontaceae,Trechispora,unidentified,0,0,0,0,0,0,0,0,0,0,0,0,0,0,0,0,0,0,0,0,0,0,0,0,0,0,0,0,0,0,0,0,0,0,0,0,0,0,0,0,0,0,0,0,0,0,0,0,0,0,0,0,0,0,0,0,0,0,0,0,0,0,0,0,0,7,0
Basidiomycota,Agaricomycetes,unclassified_Agaricomycetes,unclassified_Agaricomycetes,unclassified_Agaricomycetes,unclassified_Agaricomycetes,0,5,0,10,0,0,0,0,0,0,0,0,0,0,0,0,0,0,0,0,0,0,0,3,37,72,19,0,6,41,0,5,0,3,0,0,0,12,0,0,0,0,0,0,0,0,10,0,0,6,0,0,0,0,0,0,0,0,0,0,0,7,105,0,0,0,3
Basidiomycota,Agaricomycetes,unidentified,unidentified,unidentified,unidentified,0,0,0,0,0,0,0,0,0,0,80,0,0,0,0,0,0,0,1,0,0,0,0,0,0,0,0,0,0,0,0,5,0,0,0,0,0,0,0,0,0,0,0,0,0,0,9,6,0,0,0,0,0,0,0,0,0,0,0,0,0,0,0,0,0,0,0
Basidiomycota,Agaricostilbomycetes,Agaricostilbales,Kondoaceae,Bensingtonia,Bensingtonia_ciliata,0,0,0,0,0,0,0,0,0,0,0,0,0,0,0,0,0,0,0,0,0,0,0,0,0,0,0,0,0,0,0,0,0,0,0,0,0,0,0,0,0,0,0,0,0,0,0,0,0,0,0,0,0,0,0,0,0,0,0,0,0,11,0,0,0,0,0
Basidiomycota,Cystobasidiomycetes,Erythrobasidiales,Erythrobasidiaceae,Erythrobasidium,Erythrobasidium_hasegawianum,0,0,0,0,0,0,0,0,0,0,0,0,0,0,0,0,0,0,0,0,0,0,0,0,0,0,0,0,0,0,0,0,0,0,0,0,0,0,0,0,0,0,0,0,0,0,0,0,0,0,0,0,0,0,0,25,0,0,0,0,0,0,0,0,0,0,0
Basidiomycota,Cystobasidiomycetes,unidentified,unclassified_unidentified,unclassified_unidentified,unclassified_unidentified,0,0,0,0,0,0,0,0,0,0,0,0,0,0,0,0,0,0,0,0,0,0,0,0,0,0,11,0,0,0,0,0,0,0,0,0,0,0,0,0,0,0,0,0,0,0,0,0,0,0,0,0,0,0,0,0,0,0,0,0,0,0,0,0,0,0,0
Basidiomycota,Malasseziomycetes,Malasseziales,Malasseziaceae,Malassezia,Malassezia_arunalokei,0,0,0,0,0,0,0,0,0,0,0,32,19,0,0,0,0,0,0,0,75,0,0,0,0,0,0,0,0,0,0,0,0,0,0,0,0,0,0,8,0,0,10,0,0,0,0,0,0,0,0,0,0,0,0,0,0,0,0,0,0,0,0,0,0,0,0
Basidiomycota,Malasseziomycetes,Malasseziales,Malasseziaceae,Malassezia,Malassezia_globosa,0,0,7,0,0,43,0,0,12,0,0,0,0,0,21,0,0,0,0,0,44,0,0,0,14,0,4,9,4,3,0,4,0,0,0,0,0,0,0,0,0,0,17,37,3,11,0,0,0,0,0,0,0,0,8,74,24,0,0,0,0,20,0,0,9,0,80
Basidiomycota,Malasseziomycetes,Malasseziales,Malasseziaceae,Malassezia,Malassezia_restricta,0,0,0,30,214,69,6,53,12,4,33,41,44,46,3,20,9,32,30,4,150,1,0,11,26,177,0,14,6,58,32,99,0,3,0,7,110,7,19,0,0,3,22,35,17,31,104,0,5,12,0,0,118,19,0,235,0,39,51,133,0,88,22,0,34,64,0
Basidiomycota,Malasseziomycetes,Malasseziales,Malasseziaceae,Malassezia,Malassezia_sympodialis,0,23,0,0,0,0,0,0,0,0,0,0,0,0,0,0,0,0,0,0,0,0,0,0,0,0,0,0,0,0,0,0,0,0,0,0,0,0,0,0,0,0,0,0,0,0,0,0,15,0,0,0,0,0,0,0,0,0,0,0,0,0,0,0,0,0,0
Basidiomycota,Malasseziomycetes,Malasseziales,unidentified,unidentified,unidentified,0,0,0,0,0,0,0,0,0,0,0,0,0,0,0,0,0,0,0,0,0,0,0,0,0,0,0,0,0,0,0,0,0,0,0,0,0,0,0,0,0,0,0,0,0,0,0,0,0,0,0,0,0,0,0,0,0,0,0,6,0,0,0,0,0,0,0
Basidiomycota,Microbotryomycetes,Kriegeriales,Kriegeriaceae,Phenoliferia,unclassified_Phenoliferia,0,0,0,0,0,0,0,0,0,0,0,0,0,0,0,0,0,0,0,0,0,0,0,0,0,0,0,0,0,0,0,0,0,0,0,0,0,0,0,0,0,0,0,16,0,0,0,0,0,0,0,0,0,0,0,0,0,0,0,0,0,0,0,0,0,0,0
Basidiomycota,Microbotryomycetes,Sporidiobolales,Sporidiobolaceae,Rhodotorula,Rhodotorula_paludigena,0,0,0,0,0,0,0,0,0,0,0,0,0,0,0,0,0,0,0,0,0,0,0,0,0,0,0,0,0,0,0,0,0,0,0,0,0,0,0,0,0,0,0,0,0,0,0,0,0,0,0,0,0,0,0,0,177,0,0,0,0,0,0,0,0,0,0
Basidiomycota,Microbotryomycetes,unidentified,Chrysozymaceae,Pseudohyphozyma,Pseudohyphozyma_pustula,0,0,0,0,0,0,0,0,0,0,0,0,0,0,0,0,0,0,0,0,0,0,0,0,0,0,10,0,0,0,0,0,0,0,0,0,0,0,0,0,0,0,0,0,0,0,0,0,0,0,0,0,0,0,0,0,0,0,0,0,0,0,0,0,0,0,0
Basidiomycota,Pucciniomycetes,Pucciniales,Pucciniaceae,Puccinia,Puccinia_coronata,0,0,0,0,0,0,0,0,0,0,0,0,0,0,0,0,0,0,0,0,0,0,0,0,0,0,0,43,0,0,0,0,0,0,0,0,0,0,0,0,0,0,0,0,0,0,0,0,0,0,0,0,0,0,0,0,0,0,0,0,0,0,0,0,0,0,0
Basidiomycota,Tremellomycetes,Filobasidiales,Filobasidiaceae,Filobasidium,Filobasidium_chernovii,0,0,0,0,0,0,0,0,0,0,0,0,0,0,0,0,0,0,0,0,131,0,0,0,0,0,0,0,0,0,0,0,0,0,0,0,0,0,0,0,0,0,0,0,0,0,0,0,0,0,0,0,0,0,0,0,0,0,0,0,0,0,0,0,0,0,0
Basidiomycota,Tremellomycetes,Filobasidiales,Filobasidiaceae,Filobasidium,Filobasidium_magnum,0,0,0,0,0,0,0,0,0,0,0,0,0,0,0,0,0,24,0,0,0,0,0,0,0,0,0,0,0,0,0,9,0,0,0,0,0,0,0,0,10,0,0,0,0,0,0,0,0,0,0,0,0,0,0,0,0,0,0,0,0,0,0,0,0,0,0
Basidiomycota,Tremellomycetes,Filobasidiales,Filobasidiaceae,Naganishia,Naganishia_albida,0,0,0,0,0,0,0,0,0,0,0,0,0,0,0,0,0,0,0,0,119,0,0,0,0,0,0,0,0,0,37,0,0,0,0,0,0,0,0,0,0,0,0,0,0,0,0,0,0,0,0,0,0,0,0,0,0,0,0,0,0,0,0,0,19,0,0
Basidiomycota,Tremellomycetes,Tremellales,Bulleribasidiaceae,Hannaella,Hannaella_sinensis,0,0,0,0,0,0,0,0,0,0,0,0,0,0,0,0,0,0,0,0,0,0,0,0,0,0,0,0,0,0,0,0,0,0,0,0,0,0,0,0,15,0,0,0,0,0,0,0,0,0,0,0,0,0,0,0,0,0,0,0,0,0,0,0,0,0,0
Basidiomycota,Tremellomycetes,Tremellales,Bulleribasidiaceae,Vishniacozyma,Vishniacozyma_dimennae,0,0,0,0,0,0,0,0,0,0,0,0,0,0,0,0,0,0,0,0,0,0,0,0,0,0,0,0,0,0,0,0,0,0,0,0,0,0,0,0,0,0,0,0,0,0,0,0,0,0,0,0,0,0,0,0,0,0,0,0,0,0,14,0,0,0,0
Basidiomycota,Tremellomycetes,Tremellales,Cuniculitremaceae,Kockovaella,Kockovaella_schimae,0,0,0,0,0,0,0,0,0,0,0,0,0,0,0,0,0,0,0,0,0,0,0,0,0,0,0,0,0,0,0,0,0,0,0,0,0,0,0,0,0,0,0,0,0,0,0,0,10,0,0,0,0,0,0,0,0,0,0,0,0,0,0,0,0,0,0
Basidiomycota,Tremellomycetes,Tremellales,Cuniculitremaceae,Sterigmatosporidium,Sterigmatosporidium_polymorphum,0,0,0,0,0,0,0,0,0,0,0,0,0,10,0,0,0,0,8,0,0,0,0,0,0,0,0,0,0,0,0,0,0,0,0,0,0,0,0,0,0,0,0,0,0,0,0,0,0,0,0,0,0,0,0,0,0,0,0,0,0,0,0,0,0,0,0
Basidiomycota,Tritirachiomycetes,Tritirachiales,Tritirachiaceae,Paratritirachium,unidentified,0,0,0,0,0,0,0,0,0,0,0,0,0,0,0,0,0,0,0,0,0,0,0,0,0,0,0,0,0,0,0,0,0,0,0,0,0,0,0,0,0,0,0,0,0,0,0,0,0,0,0,0,0,0,0,0,0,0,7,0,0,0,0,0,0,0,0
Basidiomycota,Tritirachiomycetes,Tritirachiales,Tritirachiaceae,Tritirachium,Tritirachium_oryzae,0,0,0,0,0,0,0,0,0,0,0,0,0,0,0,0,0,0,22,6,0,0,0,0,0,0,0,0,0,0,0,0,0,0,0,0,0,0,0,0,0,0,0,0,0,0,0,0,0,0,0,0,0,0,0,0,0,0,0,0,0,0,0,0,0,0,0
Basidiomycota,Ustilaginomycetes,Ustilaginales,Ustilaginaceae,Pseudozyma,Pseudozyma_prolifica,0,0,19,0,0,0,0,0,0,0,0,0,0,0,0,0,0,0,0,0,0,0,0,0,0,0,0,0,0,0,0,0,0,0,0,0,0,0,0,0,0,0,0,0,0,0,0,0,0,0,0,0,0,0,0,0,0,0,0,0,0,0,0,0,0,0,0
Basidiomycota,Ustilaginomycetes,Ustilaginales,Ustilaginaceae,Ustilago,Ustilago_xerochloae,0,0,0,0,0,0,0,0,0,0,0,0,0,0,22,0,0,0,0,0,0,0,0,0,0,0,0,0,0,0,0,0,0,0,0,0,0,0,0,0,46,0,0,0,0,0,0,0,0,0,0,0,0,0,0,0,0,0,0,0,0,0,0,0,0,0,0
Basidiomycota,Ustilaginomycetes,Ustilaginales,Ustilaginaceae,Ustilago,unclassified_Ustilago,0,0,0,0,0,0,0,0,0,0,0,0,0,0,0,0,0,0,0,0,0,0,0,0,0,0,0,0,0,0,0,0,0,0,0,0,0,0,0,27,0,0,0,0,0,0,0,0,0,0,0,0,0,0,0,0,0,0,0,0,0,0,0,0,0,0,0
Basidiomycota,Wallemiomycetes,Wallemiales,Wallemiaceae,Wallemia,Wallemia_tropicalis,0,0,0,0,0,0,0,0,0,0,0,0,0,0,0,148,28,0,0,65,116,0,0,0,0,0,32,0,14,95,110,25,0,0,0,0,0,0,0,0,0,0,0,0,0,0,0,0,1,0,1,0,0,0,0,0,0,0,0,0,0,0,0,0,0,0,0
Basidiomycota,unclassified_Basidiomycota,unclassified_Basidiomycota,unclassified_Basidiomycota,unclassified_Basidiomycota,unclassified_Basidiomycota,43,58,56,40,17,38,34,46,43,34,56,0,18,14,98,0,9,50,74,9,99,486,2936,41,0,0,0,14,20,13,0,5,23,28,44,34,7,27,7,28,49,0,16,36,0,52,52,43,0,0,0,24,0,0,0,44,29,28,57,77,31,52,306,50,43,46,44
Basidiomycota,unidentified,unidentified,unidentified,unidentified,unidentified,0,0,0,0,0,0,0,0,0,0,0,0,0,14,11,0,34,0,62,0,0,0,0,0,62,0,15,0,0,0,0,0,0,0,0,0,0,0,7,0,0,3,0,0,0,0,0,0,3,0,0,0,0,0,0,0,0,0,0,0,0,0,0,0,0,0,0
Chytridiomycota,Chytridiomycetes,Chytridiales,Chytriomycetaceae,Rhizidium,Rhizidium_phycophilum,0,0,0,0,0,0,0,0,0,0,0,0,0,0,7,0,0,0,0,0,0,0,0,0,0,0,0,0,0,0,0,0,0,0,0,0,0,0,0,0,0,0,0,0,0,0,0,0,0,0,0,0,0,0,0,0,0,0,0,0,0,0,0,0,0,0,0
Chytridiomycota,unidentified,unidentified,unidentified,unidentified,unidentified,64,0,4,0,75,3,0,0,4,0,16,0,0,0,7,0,0,0,23,0,0,0,0,0,0,0,3,0,5,0,38,0,0,0,0,0,4,9,0,4,79,0,0,11,0,0,0,0,8,4,4,22,0,0,0,0,0,0,0,10,0,5,0,0,0,4,0
Mortierellomycota,Mortierellomycetes,Mortierellales,Mortierellaceae,Mortierella,Mortierella_humilis,0,0,0,0,0,0,0,0,0,0,0,0,0,0,0,0,0,0,0,0,0,0,0,0,0,0,0,0,0,0,0,0,0,0,0,0,0,0,54,0,0,0,0,0,0,0,0,0,0,0,0,0,0,0,0,0,0,0,0,0,0,0,0,0,0,0,0
Mortierellomycota,Mortierellomycetes,Mortierellales,Mortierellaceae,Mortierella,Mortierella_pulchella,0,0,0,0,0,0,0,0,0,0,0,0,0,0,0,0,0,0,0,0,0,0,0,0,0,0,0,0,0,0,0,0,0,0,0,0,0,0,0,0,0,0,0,0,0,0,0,0,0,0,0,0,0,0,0,0,0,0,0,0,0,0,0,28,0,0,0
Mortierellomycota,Mortierellomycetes,Mortierellales,Mortierellaceae,Mortierella,Mortierella_rishikesha,0,0,0,0,0,12,0,0,0,0,0,0,0,0,0,0,0,0,0,0,0,0,0,0,0,0,0,0,0,0,0,0,0,0,0,0,0,0,0,0,0,0,0,0,0,0,0,0,0,0,0,0,0,0,0,0,0,0,0,0,0,0,0,0,0,0,0
Mortierellomycota,Mortierellomycetes,Mortierellales,Mortierellaceae,Mortierella,Mortierella_turficola,0,0,0,0,0,0,0,0,0,0,0,0,0,0,0,30,17,0,0,0,0,0,0,0,0,0,0,0,0,0,0,0,0,0,0,0,0,0,0,0,0,0,0,0,0,0,0,0,0,0,0,0,0,0,0,0,0,0,0,0,0,0,0,0,0,0,0
Mortierellomycota,Mortierellomycetes,Mortierellales,Mortierellaceae,Mortierella,unclassified_Mortierella,0,0,0,0,0,0,0,0,0,0,0,0,0,0,0,0,0,0,0,0,0,0,0,0,0,0,0,0,0,0,0,0,0,0,0,0,0,0,0,0,0,0,0,0,0,0,0,0,0,0,0,0,0,0,0,0,0,0,0,0,0,21,0,0,0,0,0
Mucoromycota,Endogonomycetes,GS22,unidentified,unidentified,unidentified,0,0,0,0,0,0,0,0,0,0,0,0,0,0,0,0,0,0,0,0,0,0,0,0,0,0,0,0,0,0,0,0,0,0,0,0,0,0,0,0,4,0,0,0,0,0,0,0,0,0,0,0,0,0,0,0,0,0,0,0,0,0,0,0,0,0,0
Mucoromycota,Mucoromycetes,Mucorales,Mucoraceae,Mucor,Mucor_orantomantidis,0,0,0,0,0,0,0,0,0,0,0,0,0,0,0,0,0,0,0,0,0,0,0,0,0,0,0,0,0,0,0,0,0,0,0,0,0,0,6,0,0,0,0,0,0,0,0,0,0,0,0,0,0,0,0,0,0,0,0,0,0,0,0,0,0,0,0
Mucoromycota,Mucoromycetes,Mucorales,Rhizopodaceae,Rhizopus,Rhizopus_oryzae,0,0,0,0,0,0,0,0,0,0,10,0,0,0,0,0,0,0,0,0,1,0,0,0,0,219,0,0,0,0,0,0,0,0,0,0,0,0,0,176,0,0,0,0,0,0,0,0,0,0,0,0,0,0,0,0,0,0,0,0,0,0,0,0,0,0,0
Rozellomycota,Rozellomycotina_cls_Incertae_sedis,GS11,unidentified,unidentified,unidentified,0,0,0,0,0,0,0,0,0,0,0,0,0,0,0,0,0,0,0,0,0,0,0,0,0,0,0,0,0,0,0,0,0,0,0,0,0,0,0,0,0,51,0,0,0,0,0,0,0,0,0,0,0,0,0,0,0,0,0,0,0,0,0,0,0,0,0
Rozellomycota,unidentified,unidentified,unidentified,unidentified,unidentified,0,0,0,0,298,115,0,0,0,215,0,246,0,0,0,0,0,0,0,0,0,0,0,196,0,130,0,0,0,0,0,0,0,0,0,135,0,0,0,0,0,0,0,0,0,0,262,0,0,0,0,0,0,0,0,0,0,0,176,0,0,204,0,0,229,0,0
unclassified_Fungi,unclassified_Fungi,unclassified_Fungi,unclassified_Fungi,unclassified_Fungi,unclassified_Fungi,8911,10781,8701,7892,4467,6374,8257,8890,9621,1335,2664,2620,9536,8544,8119,3947,6639,9062,4938,6253,7534,1083,1297,400,7551,9419,8210,11295,7704,7154,11447,9178,8664,400,368,273,9427,4699,4229,4825,7923,3396,9047,6857,6767,1351,1469,815,8653,9613,7538,6640,7889,9490,9754,10806,8516,8111,10217,107,542,970,1408,8754,1425,5501,9940